#
# There is insufficient memory for the Java Runtime Environment to continue.
# Native memory allocation (mmap) failed to map 587202560 bytes. Error detail: G1 virtual space
# Possible reasons:
#   The system is out of physical RAM or swap space
#   This process is running with CompressedOops enabled, and the Java Heap may be blocking the growth of the native heap
# Possible solutions:
#   Reduce memory load on the system
#   Increase physical memory or swap space
#   Check if swap backing store is full
#   Decrease Java heap size (-Xmx/-Xms)
#   Decrease number of Java threads
#   Decrease Java thread stack sizes (-Xss)
#   Set larger code cache with -XX:ReservedCodeCacheSize=
#   JVM is running with Zero Based Compressed Oops mode in which the Java heap is
#     placed in the first 32GB address space. The Java Heap base address is the
#     maximum limit for the native heap growth. Please use -XX:HeapBaseMinAddress
#     to set the Java Heap base and to place the Java Heap above 32GB virtual address.
# This output file may be truncated or incomplete.
#
#  Out of Memory Error (os_windows.cpp:3616), pid=34204, tid=15972
#
# JRE version: OpenJDK Runtime Environment Temurin-21.0.4+7 (21.0.4+7) (build 21.0.4+7-LTS)
# Java VM: OpenJDK 64-Bit Server VM Temurin-21.0.4+7 (21.0.4+7-LTS, mixed mode, emulated-client, tiered, compressed oops, compressed class ptrs, g1 gc, windows-amd64)
# No core dump will be written. Minidumps are not enabled by default on client versions of Windows
#

---------------  S U M M A R Y ------------

Command Line: -XX:+ShowCodeDetailsInExceptionMessages -agentlib:jdwp=transport=dt_socket,suspend=y,address=localhost:52483 -Dcom.sun.management.jmxremote -Dcom.sun.management.jmxremote.port=52459 -Dcom.sun.management.jmxremote.authenticate=false -Dcom.sun.management.jmxremote.ssl=false -Djava.rmi.server.hostname=localhost -Dspring.jmx.enabled=true -Dmanagement.endpoints.jmx.exposure.include=* -Dspring.application.admin.enabled=true -XX:TieredStopAtLevel=1 -Dspring.boot.project.name=ProgrammingTechie_Order-Service -javaagent:E:\Eclipse New\eclipse\configuration\org.eclipse.osgi\2017\0\.cp\lib\javaagent-shaded.jar -Dfile.encoding=UTF-8 -Dstdout.encoding=UTF-8 -Dstderr.encoding=UTF-8 com.programmingtechie.orderservice.ProgrammingTechieOrderServiceApplication --spring.output.ansi.enabled=always

Host: 11th Gen Intel(R) Core(TM) i5-1135G7 @ 2.40GHz, 8 cores, 15G,  Windows 11 , 64 bit Build 26100 (10.0.26100.3323)
Time: Tue Mar 25 16:03:06 2025 India Standard Time elapsed time: 116.529135 seconds (0d 0h 1m 56s)

---------------  T H R E A D  ---------------

Current thread (0x00000220f5a4de10):  VMThread "VM Thread"          [id=15972, stack(0x0000008a81c00000,0x0000008a81d00000) (1024K)]

Stack: [0x0000008a81c00000,0x0000008a81d00000]
Native frames: (J=compiled Java code, j=interpreted, Vv=VM code, C=native code)
V  [jvm.dll+0x6cbcf9]
V  [jvm.dll+0x8a5551]
V  [jvm.dll+0x8a7a7e]
V  [jvm.dll+0x8a8153]
V  [jvm.dll+0x27eca6]
V  [jvm.dll+0x6c8445]
V  [jvm.dll+0x6bd13a]
V  [jvm.dll+0x354a0a]
V  [jvm.dll+0x35c5b6]
V  [jvm.dll+0x3adf3e]
V  [jvm.dll+0x3ae1e8]
V  [jvm.dll+0x328bcc]
V  [jvm.dll+0x32b426]
V  [jvm.dll+0x335618]
V  [jvm.dll+0x36aaef]
V  [jvm.dll+0x8ade6f]
V  [jvm.dll+0x8af1f4]
V  [jvm.dll+0x8af730]
V  [jvm.dll+0x8af9d3]
V  [jvm.dll+0x84f17b]
V  [jvm.dll+0x6ca3fd]
C  [ucrtbase.dll+0x37b0]
C  [KERNEL32.DLL+0x2e8d7]
C  [ntdll.dll+0xbbf6c]

VM_Operation (0x0000008a817ffa10): G1PauseRemark, mode: safepoint, requested by thread 0x00000220f7563500


---------------  P R O C E S S  ---------------

Threads class SMR info:
_java_thread_list=0x000002208c736100, length=24, elements={
0x00000220f74eb3a0, 0x00000220863d8f40, 0x0000022086429260, 0x000002208643baf0,
0x0000022086405d30, 0x0000022086407300, 0x00000220864088d0, 0x000002208642c980,
0x00000220865e7c70, 0x000002208669aa80, 0x000002208669b100, 0x000002208669d790,
0x000002208b7bb860, 0x000002208ba80d90, 0x000002208ba88f40, 0x000002208bada1a0,
0x000002208bad4840, 0x000002208bb87470, 0x000002208ba6b430, 0x000002208d481770,
0x000002208d4803c0, 0x000002208d47e980, 0x000002208d480a50, 0x000002208d47f6a0
}

Java Threads: ( => current thread )
  0x00000220f74eb3a0 JavaThread "main"                              [_thread_blocked, id=22692, stack(0x0000008a81500000,0x0000008a81600000) (1024K)]
  0x00000220863d8f40 JavaThread "Reference Handler"          daemon [_thread_blocked, id=16464, stack(0x0000008a81d00000,0x0000008a81e00000) (1024K)]
  0x0000022086429260 JavaThread "Finalizer"                  daemon [_thread_blocked, id=19824, stack(0x0000008a81e00000,0x0000008a81f00000) (1024K)]
  0x000002208643baf0 JavaThread "Signal Dispatcher"          daemon [_thread_blocked, id=15624, stack(0x0000008a81f00000,0x0000008a82000000) (1024K)]
  0x0000022086405d30 JavaThread "Attach Listener"            daemon [_thread_blocked, id=33808, stack(0x0000008a82000000,0x0000008a82100000) (1024K)]
  0x0000022086407300 JavaThread "Service Thread"             daemon [_thread_blocked, id=31396, stack(0x0000008a82100000,0x0000008a82200000) (1024K)]
  0x00000220864088d0 JavaThread "Monitor Deflation Thread"   daemon [_thread_blocked, id=34604, stack(0x0000008a82200000,0x0000008a82300000) (1024K)]
  0x000002208642c980 JavaThread "C1 CompilerThread0"         daemon [_thread_blocked, id=31032, stack(0x0000008a82300000,0x0000008a82400000) (1024K)]
  0x00000220865e7c70 JavaThread "Common-Cleaner"             daemon [_thread_blocked, id=16804, stack(0x0000008a82400000,0x0000008a82500000) (1024K)]
  0x000002208669aa80 JavaThread "JDWP Transport Listener: dt_socket" daemon [_thread_blocked, id=13928, stack(0x0000008a82600000,0x0000008a82700000) (1024K)]
  0x000002208669b100 JavaThread "JDWP Event Helper Thread"   daemon [_thread_blocked, id=22960, stack(0x0000008a82700000,0x0000008a82800000) (1024K)]
  0x000002208669d790 JavaThread "JDWP Command Reader"        daemon [_thread_in_native, id=21072, stack(0x0000008a82800000,0x0000008a82900000) (1024K)]
  0x000002208b7bb860 JavaThread "Notification Thread"        daemon [_thread_blocked, id=33408, stack(0x0000008a82900000,0x0000008a82a00000) (1024K)]
  0x000002208ba80d90 JavaThread "RMI TCP Accept-0"           daemon [_thread_in_native, id=29016, stack(0x0000008a83200000,0x0000008a83300000) (1024K)]
  0x000002208ba88f40 JavaThread "RMI TCP Accept-52459"       daemon [_thread_in_native, id=34052, stack(0x0000008a83300000,0x0000008a83400000) (1024K)]
  0x000002208bada1a0 JavaThread "RMI Scheduler(0)"           daemon [_thread_blocked, id=17128, stack(0x0000008a83500000,0x0000008a83600000) (1024K)]
  0x000002208bad4840 JavaThread "RMI TCP Connection(2)-127.0.0.1" daemon [_thread_in_native, id=18592, stack(0x0000008a83600000,0x0000008a83700000) (1024K)]
  0x000002208bb87470 JavaThread "JMX server connection timeout 37" daemon [_thread_blocked, id=32720, stack(0x0000008a83700000,0x0000008a83800000) (1024K)]
  0x000002208ba6b430 JavaThread "RMI TCP Accept-0"           daemon [_thread_in_native, id=28040, stack(0x0000008a82500000,0x0000008a82600000) (1024K)]
  0x000002208d481770 JavaThread "Catalina-utility-1"                [_thread_blocked, id=9548, stack(0x0000008a83b00000,0x0000008a83c00000) (1024K)]
  0x000002208d4803c0 JavaThread "Catalina-utility-2"                [_thread_blocked, id=9576, stack(0x0000008a83c00000,0x0000008a83d00000) (1024K)]
  0x000002208d47e980 JavaThread "container-0"                       [_thread_blocked, id=18720, stack(0x0000008a83d00000,0x0000008a83e00000) (1024K)]
  0x000002208d480a50 JavaThread "PostgreSQL-JDBC-Cleaner"    daemon [_thread_blocked, id=34756, stack(0x0000008a83f00000,0x0000008a84000000) (1024K)]
  0x000002208d47f6a0 JavaThread "HikariPool-1 housekeeper"   daemon [_thread_blocked, id=29880, stack(0x0000008a84000000,0x0000008a84100000) (1024K)]
Total: 24

Other Threads:
=>0x00000220f5a4de10 VMThread "VM Thread"                           [id=15972, stack(0x0000008a81c00000,0x0000008a81d00000) (1024K)]
  0x00000220ffd3ab00 WatcherThread "VM Periodic Task Thread"        [id=3140, stack(0x0000008a81b00000,0x0000008a81c00000) (1024K)]
  0x00000220f5a4d330 WorkerThread "GC Thread#0"                     [id=21628, stack(0x0000008a81600000,0x0000008a81700000) (1024K)]
  0x00000220f5a4e550 WorkerThread "GC Thread#1"                     [id=27188, stack(0x0000008a82a00000,0x0000008a82b00000) (1024K)]
  0x000002208b8f4690 WorkerThread "GC Thread#2"                     [id=28860, stack(0x0000008a82b00000,0x0000008a82c00000) (1024K)]
  0x000002208b8f3bb0 WorkerThread "GC Thread#3"                     [id=30680, stack(0x0000008a82c00000,0x0000008a82d00000) (1024K)]
  0x000002208b8f7210 WorkerThread "GC Thread#4"                     [id=13024, stack(0x0000008a82d00000,0x0000008a82e00000) (1024K)]
  0x000002208b8f4a30 WorkerThread "GC Thread#5"                     [id=23252, stack(0x0000008a82e00000,0x0000008a82f00000) (1024K)]
  0x000002208b8f5c50 WorkerThread "GC Thread#6"                     [id=25648, stack(0x0000008a82f00000,0x0000008a83000000) (1024K)]
  0x000002208b8f42f0 WorkerThread "GC Thread#7"                     [id=28212, stack(0x0000008a83000000,0x0000008a83100000) (1024K)]
  0x00000220f7563500 ConcurrentGCThread "G1 Main Marker"            [id=17400, stack(0x0000008a81700000,0x0000008a81800000) (1024K)]
  0x00000220f5a4d6d0 WorkerThread "G1 Conc#0"                       [id=33432, stack(0x0000008a81800000,0x0000008a81900000) (1024K)]
  0x000002208b8f58b0 WorkerThread "G1 Conc#1"                       [id=2388, stack(0x0000008a83a00000,0x0000008a83b00000) (1024K)]
  0x00000220ffc0df60 ConcurrentGCThread "G1 Refine#0"               [id=23808, stack(0x0000008a81900000,0x0000008a81a00000) (1024K)]
  0x00000220ffc0f880 ConcurrentGCThread "G1 Service"                [id=17448, stack(0x0000008a81a00000,0x0000008a81b00000) (1024K)]
Total: 15

Threads with active compile tasks:
Total: 0

VM state: at safepoint (normal execution)

VM Mutex/Monitor currently owned by a thread:  ([mutex/lock_event])
[0x00007ffc17bd7308] Threads_lock - owner thread: 0x00000220f5a4de10
[0x00007ffc17bd7408] Heap_lock - owner thread: 0x00000220f7563500

Heap address: 0x0000000704200000, size: 4030 MB, Compressed Oops mode: Zero based, Oop shift amount: 3

CDS archive(s) not mapped
Compressed class space mapped at: 0x0000000800000000-0x0000000840000000, reserved size: 1073741824
Narrow klass base: 0x0000000800000000, Narrow klass shift: 0, Narrow klass range: 0x40000000

GC Precious Log:
 CardTable entry size: 512
 Card Set container configuration: InlinePtr #cards 4 size 8 Array Of Cards #cards 16 size 48 Howl #buckets 8 coarsen threshold 3686 Howl Bitmap #cards 512 size 80 coarsen threshold 460 Card regions per heap region 1 cards per card region 4096
 CPUs: 8 total, 8 available
 Memory: 16112M
 Large Page Support: Disabled
 NUMA Support: Disabled
 Compressed Oops: Enabled (Zero based)
 Heap Region Size: 2M
 Heap Min Capacity: 8M
 Heap Initial Capacity: 252M
 Heap Max Capacity: 4030M
 Pre-touch: Disabled
 Parallel Workers: 8
 Concurrent Workers: 2
 Concurrent Refinement Workers: 8
 Periodic GC: Disabled

Heap:
 garbage-first heap   total 1228800K, used 1111040K [0x0000000704200000, 0x0000000800000000)
  region size 2048K, 21 young (43008K), 5 survivors (10240K)
 Metaspace       used 75659K, committed 76608K, reserved 1179648K
  class space    used 10057K, committed 10432K, reserved 1048576K

Heap Regions: E=young(eden), S=young(survivor), O=old, HS=humongous(starts), HC=humongous(continues), CS=collection set, F=free, TAMS=top-at-mark-start, PB=parsable bottom
|   0|0x0000000704200000, 0x0000000704400000, 0x0000000704400000|100%| O|  |TAMS 0x0000000704400000| PB 0x0000000704400000| Untracked 
|   1|0x0000000704400000, 0x0000000704600000, 0x0000000704600000|100%| O|  |TAMS 0x0000000704600000| PB 0x0000000704600000| Updating 
|   2|0x0000000704600000, 0x0000000704800000, 0x0000000704800000|100%| O|  |TAMS 0x0000000704800000| PB 0x0000000704800000| Untracked 
|   3|0x0000000704800000, 0x0000000704a00000, 0x0000000704a00000|100%| O|  |TAMS 0x0000000704a00000| PB 0x0000000704a00000| Updating 
|   4|0x0000000704a00000, 0x0000000704c00000, 0x0000000704c00000|100%| O|  |TAMS 0x0000000704c00000| PB 0x0000000704c00000| Untracked 
|   5|0x0000000704c00000, 0x0000000704e00000, 0x0000000704e00000|100%| O|  |TAMS 0x0000000704e00000| PB 0x0000000704e00000| Updating 
|   6|0x0000000704e00000, 0x0000000705000000, 0x0000000705000000|100%| O|  |TAMS 0x0000000705000000| PB 0x0000000705000000| Untracked 
|   7|0x0000000705000000, 0x0000000705200000, 0x0000000705200000|100%| O|  |TAMS 0x0000000705200000| PB 0x0000000705200000| Updating 
|   8|0x0000000705200000, 0x0000000705400000, 0x0000000705400000|100%| O|  |TAMS 0x0000000705400000| PB 0x0000000705400000| Updating 
|   9|0x0000000705400000, 0x0000000705600000, 0x0000000705600000|100%| O|  |TAMS 0x0000000705600000| PB 0x0000000705600000| Untracked 
|  10|0x0000000705600000, 0x0000000705800000, 0x0000000705800000|100%| O|  |TAMS 0x0000000705800000| PB 0x0000000705800000| Untracked 
|  11|0x0000000705800000, 0x0000000705a00000, 0x0000000705a00000|100%| O|  |TAMS 0x0000000705a00000| PB 0x0000000705a00000| Updating 
|  12|0x0000000705a00000, 0x0000000705c00000, 0x0000000705c00000|100%| O|  |TAMS 0x0000000705c00000| PB 0x0000000705c00000| Updating 
|  13|0x0000000705c00000, 0x0000000705e00000, 0x0000000705e00000|100%| O|  |TAMS 0x0000000705e00000| PB 0x0000000705e00000| Updating 
|  14|0x0000000705e00000, 0x0000000706000000, 0x0000000706000000|100%| O|  |TAMS 0x0000000706000000| PB 0x0000000706000000| Updating 
|  15|0x0000000706000000, 0x0000000706200000, 0x0000000706200000|100%| O|  |TAMS 0x0000000706200000| PB 0x0000000706200000| Updating 
|  16|0x0000000706200000, 0x0000000706400000, 0x0000000706400000|100%| O|  |TAMS 0x0000000706400000| PB 0x0000000706400000| Updating 
|  17|0x0000000706400000, 0x0000000706600000, 0x0000000706600000|100%| O|  |TAMS 0x0000000706600000| PB 0x0000000706600000| Untracked 
|  18|0x0000000706600000, 0x0000000706800000, 0x0000000706800000|100%| O|  |TAMS 0x0000000706800000| PB 0x0000000706800000| Untracked 
|  19|0x0000000706800000, 0x0000000706a00000, 0x0000000706a00000|100%| O|  |TAMS 0x0000000706a00000| PB 0x0000000706a00000| Untracked 
|  20|0x0000000706a00000, 0x0000000706c00000, 0x0000000706c00000|100%| O|  |TAMS 0x0000000706c00000| PB 0x0000000706c00000| Untracked 
|  21|0x0000000706c00000, 0x0000000706e00000, 0x0000000706e00000|100%| O|  |TAMS 0x0000000706e00000| PB 0x0000000706e00000| Untracked 
|  22|0x0000000706e00000, 0x0000000707000000, 0x0000000707000000|100%| O|  |TAMS 0x0000000707000000| PB 0x0000000707000000| Untracked 
|  23|0x0000000707000000, 0x0000000707200000, 0x0000000707200000|100%| O|  |TAMS 0x0000000707200000| PB 0x0000000707200000| Untracked 
|  24|0x0000000707200000, 0x0000000707400000, 0x0000000707400000|100%| O|  |TAMS 0x0000000707400000| PB 0x0000000707400000| Untracked 
|  25|0x0000000707400000, 0x0000000707600000, 0x0000000707600000|100%| O|  |TAMS 0x0000000707600000| PB 0x0000000707600000| Untracked 
|  26|0x0000000707600000, 0x0000000707800000, 0x0000000707800000|100%| O|  |TAMS 0x0000000707800000| PB 0x0000000707800000| Untracked 
|  27|0x0000000707800000, 0x0000000707a00000, 0x0000000707a00000|100%| O|  |TAMS 0x0000000707a00000| PB 0x0000000707a00000| Updating 
|  28|0x0000000707a00000, 0x0000000707c00000, 0x0000000707c00000|100%| O|  |TAMS 0x0000000707c00000| PB 0x0000000707c00000| Updating 
|  29|0x0000000707c00000, 0x0000000707e00000, 0x0000000707e00000|100%| O|  |TAMS 0x0000000707e00000| PB 0x0000000707e00000| Untracked 
|  30|0x0000000707e00000, 0x0000000708000000, 0x0000000708000000|100%| O|  |TAMS 0x0000000708000000| PB 0x0000000708000000| Untracked 
|  31|0x0000000708000000, 0x0000000708200000, 0x0000000708200000|100%| O|  |TAMS 0x0000000708200000| PB 0x0000000708200000| Untracked 
|  32|0x0000000708200000, 0x0000000708400000, 0x0000000708400000|100%| O|  |TAMS 0x0000000708400000| PB 0x0000000708400000| Updating 
|  33|0x0000000708400000, 0x0000000708600000, 0x0000000708600000|100%| O|  |TAMS 0x0000000708600000| PB 0x0000000708600000| Untracked 
|  34|0x0000000708600000, 0x0000000708800000, 0x0000000708800000|100%| O|  |TAMS 0x0000000708800000| PB 0x0000000708800000| Updating 
|  35|0x0000000708800000, 0x0000000708a00000, 0x0000000708a00000|100%| O|  |TAMS 0x0000000708a00000| PB 0x0000000708a00000| Untracked 
|  36|0x0000000708a00000, 0x0000000708c00000, 0x0000000708c00000|100%| O|  |TAMS 0x0000000708c00000| PB 0x0000000708c00000| Updating 
|  37|0x0000000708c00000, 0x0000000708e00000, 0x0000000708e00000|100%| O|  |TAMS 0x0000000708e00000| PB 0x0000000708e00000| Untracked 
|  38|0x0000000708e00000, 0x0000000709000000, 0x0000000709000000|100%| O|  |TAMS 0x0000000709000000| PB 0x0000000709000000| Updating 
|  39|0x0000000709000000, 0x0000000709200000, 0x0000000709200000|100%| O|  |TAMS 0x0000000709200000| PB 0x0000000709200000| Untracked 
|  40|0x0000000709200000, 0x0000000709400000, 0x0000000709400000|100%| O|  |TAMS 0x0000000709400000| PB 0x0000000709400000| Untracked 
|  41|0x0000000709400000, 0x0000000709600000, 0x0000000709600000|100%| O|  |TAMS 0x0000000709600000| PB 0x0000000709600000| Untracked 
|  42|0x0000000709600000, 0x0000000709800000, 0x0000000709800000|100%| O|  |TAMS 0x0000000709800000| PB 0x0000000709800000| Untracked 
|  43|0x0000000709800000, 0x0000000709a00000, 0x0000000709a00000|100%| O|  |TAMS 0x0000000709a00000| PB 0x0000000709a00000| Updating 
|  44|0x0000000709a00000, 0x0000000709c00000, 0x0000000709c00000|100%| O|  |TAMS 0x0000000709c00000| PB 0x0000000709c00000| Untracked 
|  45|0x0000000709c00000, 0x0000000709e00000, 0x0000000709e00000|100%| O|  |TAMS 0x0000000709e00000| PB 0x0000000709e00000| Updating 
|  46|0x0000000709e00000, 0x000000070a000000, 0x000000070a000000|100%| O|  |TAMS 0x000000070a000000| PB 0x000000070a000000| Untracked 
|  47|0x000000070a000000, 0x000000070a200000, 0x000000070a200000|100%| O|  |TAMS 0x000000070a200000| PB 0x000000070a200000| Untracked 
|  48|0x000000070a200000, 0x000000070a400000, 0x000000070a400000|100%| O|  |TAMS 0x000000070a400000| PB 0x000000070a400000| Untracked 
|  49|0x000000070a400000, 0x000000070a600000, 0x000000070a600000|100%| O|  |TAMS 0x000000070a600000| PB 0x000000070a600000| Untracked 
|  50|0x000000070a600000, 0x000000070a800000, 0x000000070a800000|100%| O|  |TAMS 0x000000070a800000| PB 0x000000070a800000| Untracked 
|  51|0x000000070a800000, 0x000000070aa00000, 0x000000070aa00000|100%| O|  |TAMS 0x000000070aa00000| PB 0x000000070aa00000| Untracked 
|  52|0x000000070aa00000, 0x000000070ac00000, 0x000000070ac00000|100%| O|  |TAMS 0x000000070ac00000| PB 0x000000070ac00000| Untracked 
|  53|0x000000070ac00000, 0x000000070ae00000, 0x000000070ae00000|100%| O|  |TAMS 0x000000070ae00000| PB 0x000000070ae00000| Untracked 
|  54|0x000000070ae00000, 0x000000070b000000, 0x000000070b000000|100%| O|  |TAMS 0x000000070b000000| PB 0x000000070b000000| Untracked 
|  55|0x000000070b000000, 0x000000070b200000, 0x000000070b200000|100%| O|  |TAMS 0x000000070b200000| PB 0x000000070b200000| Untracked 
|  56|0x000000070b200000, 0x000000070b400000, 0x000000070b400000|100%| O|  |TAMS 0x000000070b400000| PB 0x000000070b400000| Untracked 
|  57|0x000000070b400000, 0x000000070b600000, 0x000000070b600000|100%| O|  |TAMS 0x000000070b600000| PB 0x000000070b600000| Untracked 
|  58|0x000000070b600000, 0x000000070b800000, 0x000000070b800000|100%| O|  |TAMS 0x000000070b800000| PB 0x000000070b800000| Untracked 
|  59|0x000000070b800000, 0x000000070ba00000, 0x000000070ba00000|100%| O|  |TAMS 0x000000070ba00000| PB 0x000000070ba00000| Untracked 
|  60|0x000000070ba00000, 0x000000070bc00000, 0x000000070bc00000|100%| O|  |TAMS 0x000000070bc00000| PB 0x000000070bc00000| Untracked 
|  61|0x000000070bc00000, 0x000000070be00000, 0x000000070be00000|100%| O|  |TAMS 0x000000070be00000| PB 0x000000070be00000| Untracked 
|  62|0x000000070be00000, 0x000000070c000000, 0x000000070c000000|100%| O|  |TAMS 0x000000070c000000| PB 0x000000070c000000| Untracked 
|  63|0x000000070c000000, 0x000000070c200000, 0x000000070c200000|100%| O|  |TAMS 0x000000070c200000| PB 0x000000070c200000| Untracked 
|  64|0x000000070c200000, 0x000000070c400000, 0x000000070c400000|100%| O|  |TAMS 0x000000070c400000| PB 0x000000070c400000| Untracked 
|  65|0x000000070c400000, 0x000000070c600000, 0x000000070c600000|100%|HS|  |TAMS 0x000000070c600000| PB 0x000000070c400000| Complete 
|  66|0x000000070c600000, 0x000000070c800000, 0x000000070c800000|100%| O|  |TAMS 0x000000070c800000| PB 0x000000070c800000| Untracked 
|  67|0x000000070c800000, 0x000000070ca00000, 0x000000070ca00000|100%| O|  |TAMS 0x000000070ca00000| PB 0x000000070ca00000| Untracked 
|  68|0x000000070ca00000, 0x000000070cc00000, 0x000000070cc00000|100%| O|  |TAMS 0x000000070cc00000| PB 0x000000070cc00000| Untracked 
|  69|0x000000070cc00000, 0x000000070ce00000, 0x000000070ce00000|100%| O|  |TAMS 0x000000070ce00000| PB 0x000000070ce00000| Untracked 
|  70|0x000000070ce00000, 0x000000070d000000, 0x000000070d000000|100%| O|  |TAMS 0x000000070d000000| PB 0x000000070d000000| Untracked 
|  71|0x000000070d000000, 0x000000070d200000, 0x000000070d200000|100%| O|  |TAMS 0x000000070d200000| PB 0x000000070d200000| Untracked 
|  72|0x000000070d200000, 0x000000070d400000, 0x000000070d400000|100%| O|  |TAMS 0x000000070d400000| PB 0x000000070d400000| Untracked 
|  73|0x000000070d400000, 0x000000070d600000, 0x000000070d600000|100%| O|  |TAMS 0x000000070d600000| PB 0x000000070d600000| Untracked 
|  74|0x000000070d600000, 0x000000070d800000, 0x000000070d800000|100%| O|  |TAMS 0x000000070d800000| PB 0x000000070d800000| Untracked 
|  75|0x000000070d800000, 0x000000070da00000, 0x000000070da00000|100%| O|  |TAMS 0x000000070da00000| PB 0x000000070da00000| Untracked 
|  76|0x000000070da00000, 0x000000070dc00000, 0x000000070dc00000|100%| O|  |TAMS 0x000000070dc00000| PB 0x000000070dc00000| Untracked 
|  77|0x000000070dc00000, 0x000000070de00000, 0x000000070de00000|100%| O|  |TAMS 0x000000070de00000| PB 0x000000070de00000| Untracked 
|  78|0x000000070de00000, 0x000000070e000000, 0x000000070e000000|100%| O|  |TAMS 0x000000070e000000| PB 0x000000070e000000| Untracked 
|  79|0x000000070e000000, 0x000000070e200000, 0x000000070e200000|100%| O|  |TAMS 0x000000070e200000| PB 0x000000070e200000| Untracked 
|  80|0x000000070e200000, 0x000000070e400000, 0x000000070e400000|100%| O|  |TAMS 0x000000070e400000| PB 0x000000070e400000| Untracked 
|  81|0x000000070e400000, 0x000000070e600000, 0x000000070e600000|100%| O|  |TAMS 0x000000070e600000| PB 0x000000070e600000| Untracked 
|  82|0x000000070e600000, 0x000000070e800000, 0x000000070e800000|100%| O|  |TAMS 0x000000070e800000| PB 0x000000070e800000| Untracked 
|  83|0x000000070e800000, 0x000000070ea00000, 0x000000070ea00000|100%| O|  |TAMS 0x000000070ea00000| PB 0x000000070ea00000| Untracked 
|  84|0x000000070ea00000, 0x000000070ec00000, 0x000000070ec00000|100%| O|  |TAMS 0x000000070ec00000| PB 0x000000070ec00000| Untracked 
|  85|0x000000070ec00000, 0x000000070ee00000, 0x000000070ee00000|100%| O|  |TAMS 0x000000070ee00000| PB 0x000000070ee00000| Untracked 
|  86|0x000000070ee00000, 0x000000070f000000, 0x000000070f000000|100%| O|  |TAMS 0x000000070f000000| PB 0x000000070f000000| Updating 
|  87|0x000000070f000000, 0x000000070f200000, 0x000000070f200000|100%| O|  |TAMS 0x000000070f200000| PB 0x000000070f200000| Untracked 
|  88|0x000000070f200000, 0x000000070f400000, 0x000000070f400000|100%| O|  |TAMS 0x000000070f400000| PB 0x000000070f400000| Untracked 
|  89|0x000000070f400000, 0x000000070f600000, 0x000000070f600000|100%| O|  |TAMS 0x000000070f600000| PB 0x000000070f600000| Untracked 
|  90|0x000000070f600000, 0x000000070f800000, 0x000000070f800000|100%| O|  |TAMS 0x000000070f800000| PB 0x000000070f800000| Untracked 
|  91|0x000000070f800000, 0x000000070fa00000, 0x000000070fa00000|100%| O|  |TAMS 0x000000070fa00000| PB 0x000000070fa00000| Untracked 
|  92|0x000000070fa00000, 0x000000070fc00000, 0x000000070fc00000|100%| O|  |TAMS 0x000000070fc00000| PB 0x000000070fc00000| Untracked 
|  93|0x000000070fc00000, 0x000000070fe00000, 0x000000070fe00000|100%| O|  |TAMS 0x000000070fe00000| PB 0x000000070fe00000| Untracked 
|  94|0x000000070fe00000, 0x0000000710000000, 0x0000000710000000|100%| O|  |TAMS 0x0000000710000000| PB 0x0000000710000000| Untracked 
|  95|0x0000000710000000, 0x0000000710200000, 0x0000000710200000|100%| O|  |TAMS 0x0000000710200000| PB 0x0000000710200000| Untracked 
|  96|0x0000000710200000, 0x0000000710400000, 0x0000000710400000|100%| O|  |TAMS 0x0000000710400000| PB 0x0000000710400000| Untracked 
|  97|0x0000000710400000, 0x0000000710600000, 0x0000000710600000|100%| O|  |TAMS 0x0000000710600000| PB 0x0000000710600000| Untracked 
|  98|0x0000000710600000, 0x0000000710800000, 0x0000000710800000|100%| O|  |TAMS 0x0000000710800000| PB 0x0000000710800000| Untracked 
|  99|0x0000000710800000, 0x0000000710a00000, 0x0000000710a00000|100%| O|  |TAMS 0x0000000710a00000| PB 0x0000000710a00000| Untracked 
| 100|0x0000000710a00000, 0x0000000710c00000, 0x0000000710c00000|100%| O|  |TAMS 0x0000000710c00000| PB 0x0000000710c00000| Untracked 
| 101|0x0000000710c00000, 0x0000000710e00000, 0x0000000710e00000|100%| O|  |TAMS 0x0000000710e00000| PB 0x0000000710e00000| Untracked 
| 102|0x0000000710e00000, 0x0000000711000000, 0x0000000711000000|100%| O|  |TAMS 0x0000000711000000| PB 0x0000000711000000| Untracked 
| 103|0x0000000711000000, 0x0000000711200000, 0x0000000711200000|100%| O|  |TAMS 0x0000000711200000| PB 0x0000000711200000| Untracked 
| 104|0x0000000711200000, 0x0000000711400000, 0x0000000711400000|100%| O|  |TAMS 0x0000000711400000| PB 0x0000000711400000| Untracked 
| 105|0x0000000711400000, 0x0000000711600000, 0x0000000711600000|100%| O|  |TAMS 0x0000000711600000| PB 0x0000000711600000| Untracked 
| 106|0x0000000711600000, 0x0000000711800000, 0x0000000711800000|100%| O|  |TAMS 0x0000000711800000| PB 0x0000000711800000| Untracked 
| 107|0x0000000711800000, 0x0000000711a00000, 0x0000000711a00000|100%| O|  |TAMS 0x0000000711a00000| PB 0x0000000711a00000| Untracked 
| 108|0x0000000711a00000, 0x0000000711c00000, 0x0000000711c00000|100%| O|  |TAMS 0x0000000711c00000| PB 0x0000000711c00000| Untracked 
| 109|0x0000000711c00000, 0x0000000711e00000, 0x0000000711e00000|100%| O|  |TAMS 0x0000000711e00000| PB 0x0000000711e00000| Untracked 
| 110|0x0000000711e00000, 0x0000000712000000, 0x0000000712000000|100%| O|  |TAMS 0x0000000712000000| PB 0x0000000712000000| Untracked 
| 111|0x0000000712000000, 0x0000000712200000, 0x0000000712200000|100%| O|  |TAMS 0x0000000712200000| PB 0x0000000712200000| Untracked 
| 112|0x0000000712200000, 0x0000000712400000, 0x0000000712400000|100%| O|  |TAMS 0x0000000712400000| PB 0x0000000712400000| Untracked 
| 113|0x0000000712400000, 0x0000000712600000, 0x0000000712600000|100%| O|  |TAMS 0x0000000712600000| PB 0x0000000712600000| Untracked 
| 114|0x0000000712600000, 0x0000000712800000, 0x0000000712800000|100%| O|  |TAMS 0x0000000712800000| PB 0x0000000712800000| Untracked 
| 115|0x0000000712800000, 0x0000000712a00000, 0x0000000712a00000|100%| O|  |TAMS 0x0000000712a00000| PB 0x0000000712a00000| Untracked 
| 116|0x0000000712a00000, 0x0000000712c00000, 0x0000000712c00000|100%| O|  |TAMS 0x0000000712c00000| PB 0x0000000712c00000| Untracked 
| 117|0x0000000712c00000, 0x0000000712e00000, 0x0000000712e00000|100%| O|  |TAMS 0x0000000712e00000| PB 0x0000000712e00000| Untracked 
| 118|0x0000000712e00000, 0x0000000713000000, 0x0000000713000000|100%| O|  |TAMS 0x0000000713000000| PB 0x0000000713000000| Untracked 
| 119|0x0000000713000000, 0x0000000713200000, 0x0000000713200000|100%| O|  |TAMS 0x0000000713200000| PB 0x0000000713200000| Untracked 
| 120|0x0000000713200000, 0x0000000713400000, 0x0000000713400000|100%| O|  |TAMS 0x0000000713400000| PB 0x0000000713400000| Untracked 
| 121|0x0000000713400000, 0x0000000713600000, 0x0000000713600000|100%| O|  |TAMS 0x0000000713600000| PB 0x0000000713600000| Untracked 
| 122|0x0000000713600000, 0x0000000713800000, 0x0000000713800000|100%| O|  |TAMS 0x0000000713800000| PB 0x0000000713800000| Untracked 
| 123|0x0000000713800000, 0x0000000713a00000, 0x0000000713a00000|100%| O|  |TAMS 0x0000000713a00000| PB 0x0000000713a00000| Untracked 
| 124|0x0000000713a00000, 0x0000000713c00000, 0x0000000713c00000|100%| O|  |TAMS 0x0000000713c00000| PB 0x0000000713c00000| Untracked 
| 125|0x0000000713c00000, 0x0000000713e00000, 0x0000000713e00000|100%| O|  |TAMS 0x0000000713e00000| PB 0x0000000713e00000| Updating 
| 126|0x0000000713e00000, 0x0000000714000000, 0x0000000714000000|100%| O|  |TAMS 0x0000000714000000| PB 0x0000000714000000| Untracked 
| 127|0x0000000714000000, 0x0000000714200000, 0x0000000714200000|100%| O|  |TAMS 0x0000000714200000| PB 0x0000000714200000| Untracked 
| 128|0x0000000714200000, 0x0000000714400000, 0x0000000714400000|100%| O|  |TAMS 0x0000000714400000| PB 0x0000000714400000| Untracked 
| 129|0x0000000714400000, 0x0000000714600000, 0x0000000714600000|100%| O|  |TAMS 0x0000000714600000| PB 0x0000000714600000| Untracked 
| 130|0x0000000714600000, 0x0000000714800000, 0x0000000714800000|100%| O|  |TAMS 0x0000000714800000| PB 0x0000000714800000| Updating 
| 131|0x0000000714800000, 0x0000000714a00000, 0x0000000714a00000|100%| O|  |TAMS 0x0000000714a00000| PB 0x0000000714a00000| Untracked 
| 132|0x0000000714a00000, 0x0000000714c00000, 0x0000000714c00000|100%| O|  |TAMS 0x0000000714c00000| PB 0x0000000714c00000| Untracked 
| 133|0x0000000714c00000, 0x0000000714e00000, 0x0000000714e00000|100%| O|  |TAMS 0x0000000714e00000| PB 0x0000000714e00000| Untracked 
| 134|0x0000000714e00000, 0x0000000715000000, 0x0000000715000000|100%| O|  |TAMS 0x0000000715000000| PB 0x0000000715000000| Untracked 
| 135|0x0000000715000000, 0x0000000715200000, 0x0000000715200000|100%| O|  |TAMS 0x0000000715200000| PB 0x0000000715200000| Untracked 
| 136|0x0000000715200000, 0x0000000715400000, 0x0000000715400000|100%| O|  |TAMS 0x0000000715400000| PB 0x0000000715400000| Untracked 
| 137|0x0000000715400000, 0x0000000715600000, 0x0000000715600000|100%| O|  |TAMS 0x0000000715600000| PB 0x0000000715600000| Untracked 
| 138|0x0000000715600000, 0x0000000715800000, 0x0000000715800000|100%| O|  |TAMS 0x0000000715800000| PB 0x0000000715800000| Untracked 
| 139|0x0000000715800000, 0x0000000715a00000, 0x0000000715a00000|100%| O|  |TAMS 0x0000000715a00000| PB 0x0000000715a00000| Untracked 
| 140|0x0000000715a00000, 0x0000000715c00000, 0x0000000715c00000|100%| O|  |TAMS 0x0000000715c00000| PB 0x0000000715c00000| Untracked 
| 141|0x0000000715c00000, 0x0000000715e00000, 0x0000000715e00000|100%| O|  |TAMS 0x0000000715e00000| PB 0x0000000715e00000| Untracked 
| 142|0x0000000715e00000, 0x0000000716000000, 0x0000000716000000|100%| O|  |TAMS 0x0000000716000000| PB 0x0000000716000000| Untracked 
| 143|0x0000000716000000, 0x0000000716200000, 0x0000000716200000|100%| O|  |TAMS 0x0000000716200000| PB 0x0000000716200000| Untracked 
| 144|0x0000000716200000, 0x0000000716400000, 0x0000000716400000|100%| O|  |TAMS 0x0000000716400000| PB 0x0000000716400000| Untracked 
| 145|0x0000000716400000, 0x0000000716600000, 0x0000000716600000|100%| O|  |TAMS 0x0000000716600000| PB 0x0000000716600000| Updating 
| 146|0x0000000716600000, 0x0000000716800000, 0x0000000716800000|100%| O|  |TAMS 0x0000000716800000| PB 0x0000000716800000| Untracked 
| 147|0x0000000716800000, 0x0000000716a00000, 0x0000000716a00000|100%| O|  |TAMS 0x0000000716a00000| PB 0x0000000716a00000| Untracked 
| 148|0x0000000716a00000, 0x0000000716c00000, 0x0000000716c00000|100%| O|  |TAMS 0x0000000716c00000| PB 0x0000000716c00000| Updating 
| 149|0x0000000716c00000, 0x0000000716e00000, 0x0000000716e00000|100%| O|  |TAMS 0x0000000716e00000| PB 0x0000000716e00000| Updating 
| 150|0x0000000716e00000, 0x0000000717000000, 0x0000000717000000|100%| O|  |TAMS 0x0000000717000000| PB 0x0000000717000000| Untracked 
| 151|0x0000000717000000, 0x0000000717200000, 0x0000000717200000|100%| O|  |TAMS 0x0000000717200000| PB 0x0000000717200000| Untracked 
| 152|0x0000000717200000, 0x0000000717400000, 0x0000000717400000|100%| O|  |TAMS 0x0000000717400000| PB 0x0000000717400000| Untracked 
| 153|0x0000000717400000, 0x0000000717600000, 0x0000000717600000|100%| O|  |TAMS 0x0000000717600000| PB 0x0000000717600000| Untracked 
| 154|0x0000000717600000, 0x0000000717800000, 0x0000000717800000|100%| O|  |TAMS 0x0000000717800000| PB 0x0000000717800000| Untracked 
| 155|0x0000000717800000, 0x0000000717a00000, 0x0000000717a00000|100%| O|  |TAMS 0x0000000717a00000| PB 0x0000000717a00000| Untracked 
| 156|0x0000000717a00000, 0x0000000717c00000, 0x0000000717c00000|100%| O|  |TAMS 0x0000000717c00000| PB 0x0000000717c00000| Untracked 
| 157|0x0000000717c00000, 0x0000000717e00000, 0x0000000717e00000|100%| O|  |TAMS 0x0000000717e00000| PB 0x0000000717e00000| Untracked 
| 158|0x0000000717e00000, 0x0000000718000000, 0x0000000718000000|100%| O|  |TAMS 0x0000000718000000| PB 0x0000000718000000| Untracked 
| 159|0x0000000718000000, 0x0000000718200000, 0x0000000718200000|100%| O|  |TAMS 0x0000000718200000| PB 0x0000000718200000| Untracked 
| 160|0x0000000718200000, 0x0000000718400000, 0x0000000718400000|100%| O|  |TAMS 0x0000000718400000| PB 0x0000000718400000| Untracked 
| 161|0x0000000718400000, 0x0000000718600000, 0x0000000718600000|100%| O|  |TAMS 0x0000000718600000| PB 0x0000000718600000| Untracked 
| 162|0x0000000718600000, 0x0000000718800000, 0x0000000718800000|100%| O|  |TAMS 0x0000000718800000| PB 0x0000000718800000| Untracked 
| 163|0x0000000718800000, 0x0000000718a00000, 0x0000000718a00000|100%| O|  |TAMS 0x0000000718a00000| PB 0x0000000718a00000| Untracked 
| 164|0x0000000718a00000, 0x0000000718c00000, 0x0000000718c00000|100%| O|  |TAMS 0x0000000718c00000| PB 0x0000000718c00000| Untracked 
| 165|0x0000000718c00000, 0x0000000718e00000, 0x0000000718e00000|100%| O|  |TAMS 0x0000000718e00000| PB 0x0000000718e00000| Untracked 
| 166|0x0000000718e00000, 0x0000000719000000, 0x0000000719000000|100%| O|  |TAMS 0x0000000719000000| PB 0x0000000719000000| Untracked 
| 167|0x0000000719000000, 0x0000000719200000, 0x0000000719200000|100%| O|  |TAMS 0x0000000719200000| PB 0x0000000719200000| Untracked 
| 168|0x0000000719200000, 0x0000000719400000, 0x0000000719400000|100%| O|  |TAMS 0x0000000719400000| PB 0x0000000719400000| Updating 
| 169|0x0000000719400000, 0x0000000719600000, 0x0000000719600000|100%| O|  |TAMS 0x0000000719600000| PB 0x0000000719600000| Untracked 
| 170|0x0000000719600000, 0x0000000719800000, 0x0000000719800000|100%| O|  |TAMS 0x0000000719800000| PB 0x0000000719800000| Untracked 
| 171|0x0000000719800000, 0x0000000719a00000, 0x0000000719a00000|100%| O|  |TAMS 0x0000000719a00000| PB 0x0000000719a00000| Untracked 
| 172|0x0000000719a00000, 0x0000000719c00000, 0x0000000719c00000|100%| O|  |TAMS 0x0000000719c00000| PB 0x0000000719c00000| Untracked 
| 173|0x0000000719c00000, 0x0000000719e00000, 0x0000000719e00000|100%| O|  |TAMS 0x0000000719e00000| PB 0x0000000719e00000| Untracked 
| 174|0x0000000719e00000, 0x000000071a000000, 0x000000071a000000|100%| O|  |TAMS 0x000000071a000000| PB 0x000000071a000000| Untracked 
| 175|0x000000071a000000, 0x000000071a200000, 0x000000071a200000|100%| O|  |TAMS 0x000000071a200000| PB 0x000000071a200000| Untracked 
| 176|0x000000071a200000, 0x000000071a400000, 0x000000071a400000|100%| O|  |TAMS 0x000000071a400000| PB 0x000000071a400000| Untracked 
| 177|0x000000071a400000, 0x000000071a600000, 0x000000071a600000|100%| O|  |TAMS 0x000000071a600000| PB 0x000000071a600000| Untracked 
| 178|0x000000071a600000, 0x000000071a800000, 0x000000071a800000|100%| O|  |TAMS 0x000000071a800000| PB 0x000000071a800000| Untracked 
| 179|0x000000071a800000, 0x000000071aa00000, 0x000000071aa00000|100%| O|  |TAMS 0x000000071aa00000| PB 0x000000071aa00000| Untracked 
| 180|0x000000071aa00000, 0x000000071ac00000, 0x000000071ac00000|100%| O|  |TAMS 0x000000071ac00000| PB 0x000000071ac00000| Untracked 
| 181|0x000000071ac00000, 0x000000071ae00000, 0x000000071ae00000|100%| O|  |TAMS 0x000000071ae00000| PB 0x000000071ae00000| Updating 
| 182|0x000000071ae00000, 0x000000071b000000, 0x000000071b000000|100%| O|  |TAMS 0x000000071b000000| PB 0x000000071b000000| Updating 
| 183|0x000000071b000000, 0x000000071b200000, 0x000000071b200000|100%| O|  |TAMS 0x000000071b200000| PB 0x000000071b200000| Updating 
| 184|0x000000071b200000, 0x000000071b400000, 0x000000071b400000|100%| O|  |TAMS 0x000000071b400000| PB 0x000000071b400000| Untracked 
| 185|0x000000071b400000, 0x000000071b600000, 0x000000071b600000|100%| O|  |TAMS 0x000000071b600000| PB 0x000000071b600000| Untracked 
| 186|0x000000071b600000, 0x000000071b800000, 0x000000071b800000|100%| O|  |TAMS 0x000000071b800000| PB 0x000000071b800000| Untracked 
| 187|0x000000071b800000, 0x000000071ba00000, 0x000000071ba00000|100%| O|  |TAMS 0x000000071ba00000| PB 0x000000071ba00000| Untracked 
| 188|0x000000071ba00000, 0x000000071bc00000, 0x000000071bc00000|100%| O|  |TAMS 0x000000071bc00000| PB 0x000000071bc00000| Untracked 
| 189|0x000000071bc00000, 0x000000071be00000, 0x000000071be00000|100%| O|  |TAMS 0x000000071be00000| PB 0x000000071be00000| Untracked 
| 190|0x000000071be00000, 0x000000071c000000, 0x000000071c000000|100%| O|  |TAMS 0x000000071c000000| PB 0x000000071c000000| Untracked 
| 191|0x000000071c000000, 0x000000071c200000, 0x000000071c200000|100%| O|  |TAMS 0x000000071c200000| PB 0x000000071c200000| Untracked 
| 192|0x000000071c200000, 0x000000071c400000, 0x000000071c400000|100%| O|  |TAMS 0x000000071c400000| PB 0x000000071c400000| Untracked 
| 193|0x000000071c400000, 0x000000071c600000, 0x000000071c600000|100%| O|  |TAMS 0x000000071c600000| PB 0x000000071c600000| Untracked 
| 194|0x000000071c600000, 0x000000071c800000, 0x000000071c800000|100%| O|  |TAMS 0x000000071c800000| PB 0x000000071c800000| Untracked 
| 195|0x000000071c800000, 0x000000071ca00000, 0x000000071ca00000|100%| O|  |TAMS 0x000000071ca00000| PB 0x000000071ca00000| Untracked 
| 196|0x000000071ca00000, 0x000000071cc00000, 0x000000071cc00000|100%| O|  |TAMS 0x000000071cc00000| PB 0x000000071cc00000| Untracked 
| 197|0x000000071cc00000, 0x000000071ce00000, 0x000000071ce00000|100%| O|  |TAMS 0x000000071ce00000| PB 0x000000071ce00000| Updating 
| 198|0x000000071ce00000, 0x000000071d000000, 0x000000071d000000|100%| O|  |TAMS 0x000000071d000000| PB 0x000000071d000000| Updating 
| 199|0x000000071d000000, 0x000000071d200000, 0x000000071d200000|100%| O|  |TAMS 0x000000071d200000| PB 0x000000071d200000| Untracked 
| 200|0x000000071d200000, 0x000000071d400000, 0x000000071d400000|100%| O|  |TAMS 0x000000071d400000| PB 0x000000071d400000| Untracked 
| 201|0x000000071d400000, 0x000000071d600000, 0x000000071d600000|100%| O|  |TAMS 0x000000071d600000| PB 0x000000071d600000| Untracked 
| 202|0x000000071d600000, 0x000000071d800000, 0x000000071d800000|100%| O|  |TAMS 0x000000071d800000| PB 0x000000071d800000| Untracked 
| 203|0x000000071d800000, 0x000000071da00000, 0x000000071da00000|100%| O|  |TAMS 0x000000071da00000| PB 0x000000071da00000| Updating 
| 204|0x000000071da00000, 0x000000071dc00000, 0x000000071dc00000|100%| O|  |TAMS 0x000000071dc00000| PB 0x000000071dc00000| Untracked 
| 205|0x000000071dc00000, 0x000000071de00000, 0x000000071de00000|100%| O|  |TAMS 0x000000071de00000| PB 0x000000071de00000| Untracked 
| 206|0x000000071de00000, 0x000000071e000000, 0x000000071e000000|100%| O|  |TAMS 0x000000071e000000| PB 0x000000071e000000| Untracked 
| 207|0x000000071e000000, 0x000000071e200000, 0x000000071e200000|100%| O|  |TAMS 0x000000071e200000| PB 0x000000071e200000| Untracked 
| 208|0x000000071e200000, 0x000000071e400000, 0x000000071e400000|100%| O|  |TAMS 0x000000071e400000| PB 0x000000071e400000| Untracked 
| 209|0x000000071e400000, 0x000000071e600000, 0x000000071e600000|100%| O|  |TAMS 0x000000071e600000| PB 0x000000071e600000| Untracked 
| 210|0x000000071e600000, 0x000000071e800000, 0x000000071e800000|100%| O|  |TAMS 0x000000071e800000| PB 0x000000071e800000| Untracked 
| 211|0x000000071e800000, 0x000000071ea00000, 0x000000071ea00000|100%| O|  |TAMS 0x000000071ea00000| PB 0x000000071ea00000| Untracked 
| 212|0x000000071ea00000, 0x000000071ec00000, 0x000000071ec00000|100%| O|  |TAMS 0x000000071ec00000| PB 0x000000071ec00000| Untracked 
| 213|0x000000071ec00000, 0x000000071ee00000, 0x000000071ee00000|100%| O|  |TAMS 0x000000071ee00000| PB 0x000000071ee00000| Untracked 
| 214|0x000000071ee00000, 0x000000071f000000, 0x000000071f000000|100%| O|  |TAMS 0x000000071f000000| PB 0x000000071f000000| Untracked 
| 215|0x000000071f000000, 0x000000071f200000, 0x000000071f200000|100%| O|  |TAMS 0x000000071f200000| PB 0x000000071f200000| Untracked 
| 216|0x000000071f200000, 0x000000071f400000, 0x000000071f400000|100%| O|  |TAMS 0x000000071f400000| PB 0x000000071f400000| Untracked 
| 217|0x000000071f400000, 0x000000071f600000, 0x000000071f600000|100%| O|  |TAMS 0x000000071f600000| PB 0x000000071f600000| Updating 
| 218|0x000000071f600000, 0x000000071f800000, 0x000000071f800000|100%| O|  |TAMS 0x000000071f800000| PB 0x000000071f800000| Updating 
| 219|0x000000071f800000, 0x000000071fa00000, 0x000000071fa00000|100%| O|  |TAMS 0x000000071fa00000| PB 0x000000071fa00000| Updating 
| 220|0x000000071fa00000, 0x000000071fc00000, 0x000000071fc00000|100%| O|  |TAMS 0x000000071fc00000| PB 0x000000071fc00000| Untracked 
| 221|0x000000071fc00000, 0x000000071fe00000, 0x000000071fe00000|100%| O|  |TAMS 0x000000071fe00000| PB 0x000000071fe00000| Untracked 
| 222|0x000000071fe00000, 0x0000000720000000, 0x0000000720000000|100%| O|  |TAMS 0x0000000720000000| PB 0x0000000720000000| Untracked 
| 223|0x0000000720000000, 0x0000000720200000, 0x0000000720200000|100%| O|  |TAMS 0x0000000720200000| PB 0x0000000720200000| Untracked 
| 224|0x0000000720200000, 0x0000000720400000, 0x0000000720400000|100%| O|  |TAMS 0x0000000720400000| PB 0x0000000720400000| Untracked 
| 225|0x0000000720400000, 0x0000000720600000, 0x0000000720600000|100%| O|  |TAMS 0x0000000720600000| PB 0x0000000720600000| Untracked 
| 226|0x0000000720600000, 0x0000000720800000, 0x0000000720800000|100%| O|  |TAMS 0x0000000720800000| PB 0x0000000720800000| Untracked 
| 227|0x0000000720800000, 0x0000000720a00000, 0x0000000720a00000|100%| O|  |TAMS 0x0000000720a00000| PB 0x0000000720a00000| Untracked 
| 228|0x0000000720a00000, 0x0000000720c00000, 0x0000000720c00000|100%| O|  |TAMS 0x0000000720c00000| PB 0x0000000720c00000| Untracked 
| 229|0x0000000720c00000, 0x0000000720e00000, 0x0000000720e00000|100%| O|  |TAMS 0x0000000720e00000| PB 0x0000000720e00000| Untracked 
| 230|0x0000000720e00000, 0x0000000721000000, 0x0000000721000000|100%| O|  |TAMS 0x0000000721000000| PB 0x0000000721000000| Untracked 
| 231|0x0000000721000000, 0x0000000721200000, 0x0000000721200000|100%| O|  |TAMS 0x0000000721200000| PB 0x0000000721200000| Untracked 
| 232|0x0000000721200000, 0x0000000721400000, 0x0000000721400000|100%| O|  |TAMS 0x0000000721400000| PB 0x0000000721400000| Untracked 
| 233|0x0000000721400000, 0x0000000721600000, 0x0000000721600000|100%| O|  |TAMS 0x0000000721600000| PB 0x0000000721600000| Untracked 
| 234|0x0000000721600000, 0x0000000721800000, 0x0000000721800000|100%| O|  |TAMS 0x0000000721800000| PB 0x0000000721800000| Updating 
| 235|0x0000000721800000, 0x0000000721a00000, 0x0000000721a00000|100%| O|  |TAMS 0x0000000721a00000| PB 0x0000000721a00000| Untracked 
| 236|0x0000000721a00000, 0x0000000721c00000, 0x0000000721c00000|100%| O|  |TAMS 0x0000000721c00000| PB 0x0000000721c00000| Updating 
| 237|0x0000000721c00000, 0x0000000721c00000, 0x0000000721e00000|  0%| F|  |TAMS 0x0000000721c00000| PB 0x0000000721c00000| Untracked 
| 238|0x0000000721e00000, 0x0000000721e00000, 0x0000000722000000|  0%| F|  |TAMS 0x0000000721e00000| PB 0x0000000721e00000| Untracked 
| 239|0x0000000722000000, 0x0000000722000000, 0x0000000722200000|  0%| F|  |TAMS 0x0000000722000000| PB 0x0000000722000000| Untracked 
| 240|0x0000000722200000, 0x0000000722400000, 0x0000000722400000|100%| O|  |TAMS 0x0000000722400000| PB 0x0000000722400000| Untracked 
| 241|0x0000000722400000, 0x0000000722600000, 0x0000000722600000|100%| O|  |TAMS 0x0000000722600000| PB 0x0000000722600000| Untracked 
| 242|0x0000000722600000, 0x0000000722800000, 0x0000000722800000|100%| O|  |TAMS 0x0000000722800000| PB 0x0000000722800000| Untracked 
| 243|0x0000000722800000, 0x0000000722a00000, 0x0000000722a00000|100%| O|  |TAMS 0x0000000722a00000| PB 0x0000000722a00000| Untracked 
| 244|0x0000000722a00000, 0x0000000722c00000, 0x0000000722c00000|100%| O|  |TAMS 0x0000000722c00000| PB 0x0000000722c00000| Untracked 
| 245|0x0000000722c00000, 0x0000000722e00000, 0x0000000722e00000|100%| O|  |TAMS 0x0000000722e00000| PB 0x0000000722e00000| Untracked 
| 246|0x0000000722e00000, 0x0000000723000000, 0x0000000723000000|100%| O|  |TAMS 0x0000000723000000| PB 0x0000000723000000| Untracked 
| 247|0x0000000723000000, 0x0000000723200000, 0x0000000723200000|100%| O|  |TAMS 0x0000000723200000| PB 0x0000000723200000| Untracked 
| 248|0x0000000723200000, 0x0000000723400000, 0x0000000723400000|100%| O|  |TAMS 0x0000000723400000| PB 0x0000000723400000| Untracked 
| 249|0x0000000723400000, 0x0000000723600000, 0x0000000723600000|100%| O|  |TAMS 0x0000000723600000| PB 0x0000000723600000| Untracked 
| 250|0x0000000723600000, 0x0000000723800000, 0x0000000723800000|100%| O|  |TAMS 0x0000000723800000| PB 0x0000000723800000| Untracked 
| 251|0x0000000723800000, 0x0000000723a00000, 0x0000000723a00000|100%| O|  |TAMS 0x0000000723a00000| PB 0x0000000723a00000| Untracked 
| 252|0x0000000723a00000, 0x0000000723c00000, 0x0000000723c00000|100%| O|  |TAMS 0x0000000723c00000| PB 0x0000000723c00000| Untracked 
| 253|0x0000000723c00000, 0x0000000723e00000, 0x0000000723e00000|100%| O|  |TAMS 0x0000000723e00000| PB 0x0000000723e00000| Untracked 
| 254|0x0000000723e00000, 0x0000000724000000, 0x0000000724000000|100%| O|  |TAMS 0x0000000724000000| PB 0x0000000724000000| Untracked 
| 255|0x0000000724000000, 0x0000000724200000, 0x0000000724200000|100%| O|  |TAMS 0x0000000724200000| PB 0x0000000724200000| Untracked 
| 256|0x0000000724200000, 0x0000000724400000, 0x0000000724400000|100%| O|  |TAMS 0x0000000724400000| PB 0x0000000724400000| Untracked 
| 257|0x0000000724400000, 0x0000000724600000, 0x0000000724600000|100%| O|  |TAMS 0x0000000724600000| PB 0x0000000724600000| Untracked 
| 258|0x0000000724600000, 0x0000000724800000, 0x0000000724800000|100%| O|  |TAMS 0x0000000724800000| PB 0x0000000724800000| Untracked 
| 259|0x0000000724800000, 0x0000000724a00000, 0x0000000724a00000|100%| O|  |TAMS 0x0000000724a00000| PB 0x0000000724a00000| Untracked 
| 260|0x0000000724a00000, 0x0000000724c00000, 0x0000000724c00000|100%| O|  |TAMS 0x0000000724c00000| PB 0x0000000724c00000| Untracked 
| 261|0x0000000724c00000, 0x0000000724e00000, 0x0000000724e00000|100%| O|  |TAMS 0x0000000724e00000| PB 0x0000000724e00000| Untracked 
| 262|0x0000000724e00000, 0x0000000725000000, 0x0000000725000000|100%| O|  |TAMS 0x0000000725000000| PB 0x0000000725000000| Untracked 
| 263|0x0000000725000000, 0x0000000725200000, 0x0000000725200000|100%| O|  |TAMS 0x0000000725200000| PB 0x0000000725200000| Untracked 
| 264|0x0000000725200000, 0x0000000725400000, 0x0000000725400000|100%| O|  |TAMS 0x0000000725400000| PB 0x0000000725400000| Untracked 
| 265|0x0000000725400000, 0x0000000725600000, 0x0000000725600000|100%| O|  |TAMS 0x0000000725600000| PB 0x0000000725600000| Untracked 
| 266|0x0000000725600000, 0x0000000725800000, 0x0000000725800000|100%| O|  |TAMS 0x0000000725800000| PB 0x0000000725800000| Untracked 
| 267|0x0000000725800000, 0x0000000725a00000, 0x0000000725a00000|100%| O|  |TAMS 0x0000000725a00000| PB 0x0000000725a00000| Untracked 
| 268|0x0000000725a00000, 0x0000000725c00000, 0x0000000725c00000|100%| O|  |TAMS 0x0000000725c00000| PB 0x0000000725c00000| Untracked 
| 269|0x0000000725c00000, 0x0000000725e00000, 0x0000000725e00000|100%| O|  |TAMS 0x0000000725e00000| PB 0x0000000725e00000| Untracked 
| 270|0x0000000725e00000, 0x0000000726000000, 0x0000000726000000|100%| O|  |TAMS 0x0000000726000000| PB 0x0000000726000000| Untracked 
| 271|0x0000000726000000, 0x0000000726200000, 0x0000000726200000|100%| O|  |TAMS 0x0000000726200000| PB 0x0000000726200000| Untracked 
| 272|0x0000000726200000, 0x0000000726400000, 0x0000000726400000|100%| O|  |TAMS 0x0000000726400000| PB 0x0000000726400000| Untracked 
| 273|0x0000000726400000, 0x0000000726600000, 0x0000000726600000|100%| O|  |TAMS 0x0000000726600000| PB 0x0000000726600000| Untracked 
| 274|0x0000000726600000, 0x0000000726800000, 0x0000000726800000|100%| O|  |TAMS 0x0000000726800000| PB 0x0000000726800000| Untracked 
| 275|0x0000000726800000, 0x0000000726a00000, 0x0000000726a00000|100%| O|  |TAMS 0x0000000726a00000| PB 0x0000000726a00000| Untracked 
| 276|0x0000000726a00000, 0x0000000726c00000, 0x0000000726c00000|100%| O|  |TAMS 0x0000000726c00000| PB 0x0000000726c00000| Untracked 
| 277|0x0000000726c00000, 0x0000000726e00000, 0x0000000726e00000|100%| O|  |TAMS 0x0000000726e00000| PB 0x0000000726e00000| Untracked 
| 278|0x0000000726e00000, 0x0000000727000000, 0x0000000727000000|100%| O|  |TAMS 0x0000000727000000| PB 0x0000000727000000| Untracked 
| 279|0x0000000727000000, 0x0000000727200000, 0x0000000727200000|100%| O|  |TAMS 0x0000000727200000| PB 0x0000000727200000| Updating 
| 280|0x0000000727200000, 0x0000000727400000, 0x0000000727400000|100%| O|  |TAMS 0x0000000727400000| PB 0x0000000727400000| Updating 
| 281|0x0000000727400000, 0x0000000727600000, 0x0000000727600000|100%| O|  |TAMS 0x0000000727600000| PB 0x0000000727600000| Updating 
| 282|0x0000000727600000, 0x0000000727800000, 0x0000000727800000|100%| O|  |TAMS 0x0000000727800000| PB 0x0000000727800000| Untracked 
| 283|0x0000000727800000, 0x0000000727a00000, 0x0000000727a00000|100%| O|  |TAMS 0x0000000727a00000| PB 0x0000000727a00000| Updating 
| 284|0x0000000727a00000, 0x0000000727c00000, 0x0000000727c00000|100%| O|  |TAMS 0x0000000727c00000| PB 0x0000000727c00000| Untracked 
| 285|0x0000000727c00000, 0x0000000727e00000, 0x0000000727e00000|100%| O|  |TAMS 0x0000000727e00000| PB 0x0000000727e00000| Untracked 
| 286|0x0000000727e00000, 0x0000000728000000, 0x0000000728000000|100%| O|  |TAMS 0x0000000728000000| PB 0x0000000728000000| Untracked 
| 287|0x0000000728000000, 0x0000000728200000, 0x0000000728200000|100%| O|  |TAMS 0x0000000728200000| PB 0x0000000728200000| Untracked 
| 288|0x0000000728200000, 0x0000000728400000, 0x0000000728400000|100%| O|  |TAMS 0x0000000728400000| PB 0x0000000728400000| Untracked 
| 289|0x0000000728400000, 0x0000000728600000, 0x0000000728600000|100%| O|  |TAMS 0x0000000728600000| PB 0x0000000728600000| Untracked 
| 290|0x0000000728600000, 0x0000000728800000, 0x0000000728800000|100%| O|  |TAMS 0x0000000728800000| PB 0x0000000728800000| Untracked 
| 291|0x0000000728800000, 0x0000000728a00000, 0x0000000728a00000|100%| O|  |TAMS 0x0000000728a00000| PB 0x0000000728a00000| Untracked 
| 292|0x0000000728a00000, 0x0000000728c00000, 0x0000000728c00000|100%| O|  |TAMS 0x0000000728c00000| PB 0x0000000728c00000| Untracked 
| 293|0x0000000728c00000, 0x0000000728e00000, 0x0000000728e00000|100%| O|  |TAMS 0x0000000728e00000| PB 0x0000000728e00000| Updating 
| 294|0x0000000728e00000, 0x0000000729000000, 0x0000000729000000|100%| O|  |TAMS 0x0000000729000000| PB 0x0000000729000000| Untracked 
| 295|0x0000000729000000, 0x0000000729200000, 0x0000000729200000|100%| O|  |TAMS 0x0000000729200000| PB 0x0000000729200000| Untracked 
| 296|0x0000000729200000, 0x0000000729400000, 0x0000000729400000|100%| O|  |TAMS 0x0000000729400000| PB 0x0000000729400000| Untracked 
| 297|0x0000000729400000, 0x0000000729600000, 0x0000000729600000|100%| O|  |TAMS 0x0000000729600000| PB 0x0000000729600000| Untracked 
| 298|0x0000000729600000, 0x0000000729800000, 0x0000000729800000|100%| O|  |TAMS 0x0000000729800000| PB 0x0000000729800000| Untracked 
| 299|0x0000000729800000, 0x0000000729a00000, 0x0000000729a00000|100%| O|  |TAMS 0x0000000729a00000| PB 0x0000000729a00000| Untracked 
| 300|0x0000000729a00000, 0x0000000729c00000, 0x0000000729c00000|100%| O|  |TAMS 0x0000000729c00000| PB 0x0000000729c00000| Untracked 
| 301|0x0000000729c00000, 0x0000000729e00000, 0x0000000729e00000|100%| O|  |TAMS 0x0000000729e00000| PB 0x0000000729e00000| Untracked 
| 302|0x0000000729e00000, 0x000000072a000000, 0x000000072a000000|100%| O|  |TAMS 0x000000072a000000| PB 0x000000072a000000| Untracked 
| 303|0x000000072a000000, 0x000000072a200000, 0x000000072a200000|100%| O|  |TAMS 0x000000072a200000| PB 0x000000072a200000| Untracked 
| 304|0x000000072a200000, 0x000000072a400000, 0x000000072a400000|100%| O|  |TAMS 0x000000072a400000| PB 0x000000072a400000| Untracked 
| 305|0x000000072a400000, 0x000000072a600000, 0x000000072a600000|100%| O|  |TAMS 0x000000072a600000| PB 0x000000072a600000| Updating 
| 306|0x000000072a600000, 0x000000072a800000, 0x000000072a800000|100%| O|  |TAMS 0x000000072a800000| PB 0x000000072a800000| Updating 
| 307|0x000000072a800000, 0x000000072aa00000, 0x000000072aa00000|100%| O|  |TAMS 0x000000072aa00000| PB 0x000000072aa00000| Untracked 
| 308|0x000000072aa00000, 0x000000072ac00000, 0x000000072ac00000|100%| O|  |TAMS 0x000000072ac00000| PB 0x000000072ac00000| Updating 
| 309|0x000000072ac00000, 0x000000072ae00000, 0x000000072ae00000|100%| O|  |TAMS 0x000000072ae00000| PB 0x000000072ae00000| Untracked 
| 310|0x000000072ae00000, 0x000000072b000000, 0x000000072b000000|100%| O|  |TAMS 0x000000072b000000| PB 0x000000072b000000| Updating 
| 311|0x000000072b000000, 0x000000072b200000, 0x000000072b200000|100%| O|  |TAMS 0x000000072b200000| PB 0x000000072b200000| Untracked 
| 312|0x000000072b200000, 0x000000072b400000, 0x000000072b400000|100%| O|  |TAMS 0x000000072b400000| PB 0x000000072b400000| Untracked 
| 313|0x000000072b400000, 0x000000072b600000, 0x000000072b600000|100%| O|  |TAMS 0x000000072b600000| PB 0x000000072b600000| Untracked 
| 314|0x000000072b600000, 0x000000072b800000, 0x000000072b800000|100%| O|  |TAMS 0x000000072b800000| PB 0x000000072b800000| Untracked 
| 315|0x000000072b800000, 0x000000072ba00000, 0x000000072ba00000|100%| O|  |TAMS 0x000000072ba00000| PB 0x000000072ba00000| Untracked 
| 316|0x000000072ba00000, 0x000000072bc00000, 0x000000072bc00000|100%| O|  |TAMS 0x000000072bc00000| PB 0x000000072bc00000| Untracked 
| 317|0x000000072bc00000, 0x000000072be00000, 0x000000072be00000|100%| O|  |TAMS 0x000000072be00000| PB 0x000000072be00000| Untracked 
| 318|0x000000072be00000, 0x000000072c000000, 0x000000072c000000|100%| O|  |TAMS 0x000000072c000000| PB 0x000000072c000000| Untracked 
| 319|0x000000072c000000, 0x000000072c200000, 0x000000072c200000|100%| O|  |TAMS 0x000000072c200000| PB 0x000000072c200000| Untracked 
| 320|0x000000072c200000, 0x000000072c400000, 0x000000072c400000|100%| O|  |TAMS 0x000000072c400000| PB 0x000000072c400000| Untracked 
| 321|0x000000072c400000, 0x000000072c600000, 0x000000072c600000|100%| O|  |TAMS 0x000000072c600000| PB 0x000000072c600000| Untracked 
| 322|0x000000072c600000, 0x000000072c800000, 0x000000072c800000|100%| O|  |TAMS 0x000000072c800000| PB 0x000000072c800000| Untracked 
| 323|0x000000072c800000, 0x000000072ca00000, 0x000000072ca00000|100%| O|  |TAMS 0x000000072ca00000| PB 0x000000072ca00000| Untracked 
| 324|0x000000072ca00000, 0x000000072cc00000, 0x000000072cc00000|100%| O|  |TAMS 0x000000072cc00000| PB 0x000000072cc00000| Untracked 
| 325|0x000000072cc00000, 0x000000072ce00000, 0x000000072ce00000|100%| O|  |TAMS 0x000000072ce00000| PB 0x000000072ce00000| Updating 
| 326|0x000000072ce00000, 0x000000072d000000, 0x000000072d000000|100%| O|  |TAMS 0x000000072d000000| PB 0x000000072d000000| Untracked 
| 327|0x000000072d000000, 0x000000072d200000, 0x000000072d200000|100%| O|  |TAMS 0x000000072d200000| PB 0x000000072d200000| Untracked 
| 328|0x000000072d200000, 0x000000072d400000, 0x000000072d400000|100%| O|  |TAMS 0x000000072d400000| PB 0x000000072d400000| Untracked 
| 329|0x000000072d400000, 0x000000072d600000, 0x000000072d600000|100%| O|  |TAMS 0x000000072d600000| PB 0x000000072d600000| Untracked 
| 330|0x000000072d600000, 0x000000072d800000, 0x000000072d800000|100%| O|  |TAMS 0x000000072d800000| PB 0x000000072d800000| Untracked 
| 331|0x000000072d800000, 0x000000072da00000, 0x000000072da00000|100%| O|  |TAMS 0x000000072da00000| PB 0x000000072da00000| Updating 
| 332|0x000000072da00000, 0x000000072dc00000, 0x000000072dc00000|100%| O|  |TAMS 0x000000072dc00000| PB 0x000000072dc00000| Updating 
| 333|0x000000072dc00000, 0x000000072dc00000, 0x000000072de00000|  0%| F|  |TAMS 0x000000072dc00000| PB 0x000000072dc00000| Untracked 
| 334|0x000000072de00000, 0x000000072de00000, 0x000000072e000000|  0%| F|  |TAMS 0x000000072de00000| PB 0x000000072de00000| Untracked 
| 335|0x000000072e000000, 0x000000072e000000, 0x000000072e200000|  0%| F|  |TAMS 0x000000072e000000| PB 0x000000072e000000| Untracked 
| 336|0x000000072e200000, 0x000000072e200000, 0x000000072e400000|  0%| F|  |TAMS 0x000000072e200000| PB 0x000000072e200000| Untracked 
| 337|0x000000072e400000, 0x000000072e600000, 0x000000072e600000|100%| O|  |TAMS 0x000000072e600000| PB 0x000000072e600000| Untracked 
| 338|0x000000072e600000, 0x000000072e800000, 0x000000072e800000|100%| O|  |TAMS 0x000000072e800000| PB 0x000000072e800000| Untracked 
| 339|0x000000072e800000, 0x000000072ea00000, 0x000000072ea00000|100%| O|  |TAMS 0x000000072ea00000| PB 0x000000072ea00000| Untracked 
| 340|0x000000072ea00000, 0x000000072ec00000, 0x000000072ec00000|100%| O|  |TAMS 0x000000072ec00000| PB 0x000000072ec00000| Untracked 
| 341|0x000000072ec00000, 0x000000072ee00000, 0x000000072ee00000|100%| O|  |TAMS 0x000000072ee00000| PB 0x000000072ee00000| Untracked 
| 342|0x000000072ee00000, 0x000000072f000000, 0x000000072f000000|100%| O|  |TAMS 0x000000072f000000| PB 0x000000072f000000| Untracked 
| 343|0x000000072f000000, 0x000000072f200000, 0x000000072f200000|100%| O|  |TAMS 0x000000072f200000| PB 0x000000072f200000| Untracked 
| 344|0x000000072f200000, 0x000000072f400000, 0x000000072f400000|100%| O|  |TAMS 0x000000072f400000| PB 0x000000072f400000| Untracked 
| 345|0x000000072f400000, 0x000000072f600000, 0x000000072f600000|100%| O|  |TAMS 0x000000072f600000| PB 0x000000072f600000| Untracked 
| 346|0x000000072f600000, 0x000000072f800000, 0x000000072f800000|100%| O|  |TAMS 0x000000072f800000| PB 0x000000072f800000| Untracked 
| 347|0x000000072f800000, 0x000000072fa00000, 0x000000072fa00000|100%| O|  |TAMS 0x000000072fa00000| PB 0x000000072fa00000| Untracked 
| 348|0x000000072fa00000, 0x000000072fc00000, 0x000000072fc00000|100%| O|  |TAMS 0x000000072fc00000| PB 0x000000072fc00000| Untracked 
| 349|0x000000072fc00000, 0x000000072fe00000, 0x000000072fe00000|100%| O|  |TAMS 0x000000072fe00000| PB 0x000000072fe00000| Untracked 
| 350|0x000000072fe00000, 0x0000000730000000, 0x0000000730000000|100%| O|  |TAMS 0x0000000730000000| PB 0x0000000730000000| Updating 
| 351|0x0000000730000000, 0x0000000730200000, 0x0000000730200000|100%| O|  |TAMS 0x0000000730200000| PB 0x0000000730200000| Untracked 
| 352|0x0000000730200000, 0x0000000730400000, 0x0000000730400000|100%| O|  |TAMS 0x0000000730400000| PB 0x0000000730400000| Untracked 
| 353|0x0000000730400000, 0x0000000730600000, 0x0000000730600000|100%| O|  |TAMS 0x0000000730600000| PB 0x0000000730600000| Untracked 
| 354|0x0000000730600000, 0x0000000730800000, 0x0000000730800000|100%| O|  |TAMS 0x0000000730800000| PB 0x0000000730800000| Untracked 
| 355|0x0000000730800000, 0x0000000730a00000, 0x0000000730a00000|100%| O|  |TAMS 0x0000000730a00000| PB 0x0000000730a00000| Untracked 
| 356|0x0000000730a00000, 0x0000000730c00000, 0x0000000730c00000|100%| O|  |TAMS 0x0000000730c00000| PB 0x0000000730c00000| Untracked 
| 357|0x0000000730c00000, 0x0000000730e00000, 0x0000000730e00000|100%| O|  |TAMS 0x0000000730e00000| PB 0x0000000730e00000| Untracked 
| 358|0x0000000730e00000, 0x0000000731000000, 0x0000000731000000|100%| O|  |TAMS 0x0000000731000000| PB 0x0000000731000000| Untracked 
| 359|0x0000000731000000, 0x0000000731200000, 0x0000000731200000|100%| O|  |TAMS 0x0000000731200000| PB 0x0000000731200000| Untracked 
| 360|0x0000000731200000, 0x0000000731400000, 0x0000000731400000|100%| O|  |TAMS 0x0000000731400000| PB 0x0000000731400000| Untracked 
| 361|0x0000000731400000, 0x0000000731600000, 0x0000000731600000|100%| O|  |TAMS 0x0000000731600000| PB 0x0000000731600000| Untracked 
| 362|0x0000000731600000, 0x0000000731800000, 0x0000000731800000|100%| O|  |TAMS 0x0000000731800000| PB 0x0000000731800000| Untracked 
| 363|0x0000000731800000, 0x0000000731a00000, 0x0000000731a00000|100%| O|  |TAMS 0x0000000731a00000| PB 0x0000000731a00000| Updating 
| 364|0x0000000731a00000, 0x0000000731c00000, 0x0000000731c00000|100%| O|  |TAMS 0x0000000731c00000| PB 0x0000000731c00000| Updating 
| 365|0x0000000731c00000, 0x0000000731e00000, 0x0000000731e00000|100%| O|  |TAMS 0x0000000731e00000| PB 0x0000000731e00000| Updating 
| 366|0x0000000731e00000, 0x0000000732000000, 0x0000000732000000|100%| O|  |TAMS 0x0000000732000000| PB 0x0000000732000000| Updating 
| 367|0x0000000732000000, 0x0000000732200000, 0x0000000732200000|100%| O|  |TAMS 0x0000000732200000| PB 0x0000000732200000| Untracked 
| 368|0x0000000732200000, 0x0000000732400000, 0x0000000732400000|100%| O|  |TAMS 0x0000000732400000| PB 0x0000000732400000| Untracked 
| 369|0x0000000732400000, 0x0000000732600000, 0x0000000732600000|100%| O|  |TAMS 0x0000000732600000| PB 0x0000000732600000| Untracked 
| 370|0x0000000732600000, 0x0000000732800000, 0x0000000732800000|100%| O|  |TAMS 0x0000000732800000| PB 0x0000000732800000| Untracked 
| 371|0x0000000732800000, 0x0000000732a00000, 0x0000000732a00000|100%| O|  |TAMS 0x0000000732a00000| PB 0x0000000732a00000| Untracked 
| 372|0x0000000732a00000, 0x0000000732c00000, 0x0000000732c00000|100%| O|  |TAMS 0x0000000732c00000| PB 0x0000000732c00000| Untracked 
| 373|0x0000000732c00000, 0x0000000732e00000, 0x0000000732e00000|100%| O|  |TAMS 0x0000000732e00000| PB 0x0000000732e00000| Untracked 
| 374|0x0000000732e00000, 0x0000000733000000, 0x0000000733000000|100%| O|  |TAMS 0x0000000733000000| PB 0x0000000733000000| Untracked 
| 375|0x0000000733000000, 0x0000000733200000, 0x0000000733200000|100%| O|  |TAMS 0x0000000733200000| PB 0x0000000733200000| Untracked 
| 376|0x0000000733200000, 0x0000000733400000, 0x0000000733400000|100%| O|  |TAMS 0x0000000733400000| PB 0x0000000733400000| Untracked 
| 377|0x0000000733400000, 0x0000000733600000, 0x0000000733600000|100%| O|  |TAMS 0x0000000733600000| PB 0x0000000733600000| Untracked 
| 378|0x0000000733600000, 0x0000000733800000, 0x0000000733800000|100%| O|  |TAMS 0x0000000733800000| PB 0x0000000733800000| Untracked 
| 379|0x0000000733800000, 0x0000000733a00000, 0x0000000733a00000|100%| O|  |TAMS 0x0000000733a00000| PB 0x0000000733a00000| Untracked 
| 380|0x0000000733a00000, 0x0000000733c00000, 0x0000000733c00000|100%| O|  |TAMS 0x0000000733c00000| PB 0x0000000733c00000| Untracked 
| 381|0x0000000733c00000, 0x0000000733e00000, 0x0000000733e00000|100%| O|  |TAMS 0x0000000733e00000| PB 0x0000000733e00000| Untracked 
| 382|0x0000000733e00000, 0x0000000734000000, 0x0000000734000000|100%| O|  |TAMS 0x0000000734000000| PB 0x0000000734000000| Untracked 
| 383|0x0000000734000000, 0x0000000734200000, 0x0000000734200000|100%| O|  |TAMS 0x0000000734200000| PB 0x0000000734200000| Untracked 
| 384|0x0000000734200000, 0x0000000734400000, 0x0000000734400000|100%| O|  |TAMS 0x0000000734400000| PB 0x0000000734400000| Untracked 
| 385|0x0000000734400000, 0x0000000734600000, 0x0000000734600000|100%| O|  |TAMS 0x0000000734600000| PB 0x0000000734600000| Untracked 
| 386|0x0000000734600000, 0x0000000734800000, 0x0000000734800000|100%| O|  |TAMS 0x0000000734800000| PB 0x0000000734800000| Untracked 
| 387|0x0000000734800000, 0x0000000734a00000, 0x0000000734a00000|100%| O|  |TAMS 0x0000000734a00000| PB 0x0000000734a00000| Untracked 
| 388|0x0000000734a00000, 0x0000000734c00000, 0x0000000734c00000|100%| O|  |TAMS 0x0000000734c00000| PB 0x0000000734c00000| Untracked 
| 389|0x0000000734c00000, 0x0000000734e00000, 0x0000000734e00000|100%| O|  |TAMS 0x0000000734e00000| PB 0x0000000734e00000| Untracked 
| 390|0x0000000734e00000, 0x0000000735000000, 0x0000000735000000|100%| O|  |TAMS 0x0000000735000000| PB 0x0000000735000000| Untracked 
| 391|0x0000000735000000, 0x0000000735200000, 0x0000000735200000|100%| O|  |TAMS 0x0000000735200000| PB 0x0000000735200000| Untracked 
| 392|0x0000000735200000, 0x0000000735400000, 0x0000000735400000|100%| O|  |TAMS 0x0000000735400000| PB 0x0000000735400000| Untracked 
| 393|0x0000000735400000, 0x0000000735600000, 0x0000000735600000|100%| O|  |TAMS 0x0000000735600000| PB 0x0000000735600000| Untracked 
| 394|0x0000000735600000, 0x0000000735800000, 0x0000000735800000|100%| O|  |TAMS 0x0000000735800000| PB 0x0000000735800000| Untracked 
| 395|0x0000000735800000, 0x0000000735a00000, 0x0000000735a00000|100%| O|  |TAMS 0x0000000735a00000| PB 0x0000000735a00000| Untracked 
| 396|0x0000000735a00000, 0x0000000735c00000, 0x0000000735c00000|100%| O|  |TAMS 0x0000000735c00000| PB 0x0000000735c00000| Untracked 
| 397|0x0000000735c00000, 0x0000000735e00000, 0x0000000735e00000|100%| O|  |TAMS 0x0000000735e00000| PB 0x0000000735e00000| Untracked 
| 398|0x0000000735e00000, 0x0000000736000000, 0x0000000736000000|100%| O|  |TAMS 0x0000000736000000| PB 0x0000000736000000| Untracked 
| 399|0x0000000736000000, 0x0000000736200000, 0x0000000736200000|100%| O|  |TAMS 0x0000000736200000| PB 0x0000000736200000| Untracked 
| 400|0x0000000736200000, 0x0000000736400000, 0x0000000736400000|100%| O|  |TAMS 0x0000000736400000| PB 0x0000000736400000| Untracked 
| 401|0x0000000736400000, 0x0000000736600000, 0x0000000736600000|100%| O|  |TAMS 0x0000000736600000| PB 0x0000000736600000| Untracked 
| 402|0x0000000736600000, 0x0000000736800000, 0x0000000736800000|100%| O|  |TAMS 0x0000000736800000| PB 0x0000000736800000| Untracked 
| 403|0x0000000736800000, 0x0000000736a00000, 0x0000000736a00000|100%| O|  |TAMS 0x0000000736a00000| PB 0x0000000736a00000| Untracked 
| 404|0x0000000736a00000, 0x0000000736c00000, 0x0000000736c00000|100%| O|  |TAMS 0x0000000736c00000| PB 0x0000000736c00000| Untracked 
| 405|0x0000000736c00000, 0x0000000736e00000, 0x0000000736e00000|100%| O|  |TAMS 0x0000000736e00000| PB 0x0000000736e00000| Untracked 
| 406|0x0000000736e00000, 0x0000000737000000, 0x0000000737000000|100%| O|  |TAMS 0x0000000737000000| PB 0x0000000737000000| Untracked 
| 407|0x0000000737000000, 0x0000000737200000, 0x0000000737200000|100%| O|  |TAMS 0x0000000737200000| PB 0x0000000737200000| Untracked 
| 408|0x0000000737200000, 0x0000000737400000, 0x0000000737400000|100%| O|  |TAMS 0x0000000737400000| PB 0x0000000737400000| Untracked 
| 409|0x0000000737400000, 0x0000000737600000, 0x0000000737600000|100%| O|  |TAMS 0x0000000737600000| PB 0x0000000737600000| Untracked 
| 410|0x0000000737600000, 0x0000000737800000, 0x0000000737800000|100%| O|  |TAMS 0x0000000737800000| PB 0x0000000737800000| Untracked 
| 411|0x0000000737800000, 0x0000000737a00000, 0x0000000737a00000|100%| O|  |TAMS 0x0000000737a00000| PB 0x0000000737a00000| Untracked 
| 412|0x0000000737a00000, 0x0000000737c00000, 0x0000000737c00000|100%| O|  |TAMS 0x0000000737c00000| PB 0x0000000737c00000| Untracked 
| 413|0x0000000737c00000, 0x0000000737e00000, 0x0000000737e00000|100%| O|  |TAMS 0x0000000737e00000| PB 0x0000000737e00000| Untracked 
| 414|0x0000000737e00000, 0x0000000738000000, 0x0000000738000000|100%| O|  |TAMS 0x0000000738000000| PB 0x0000000738000000| Untracked 
| 415|0x0000000738000000, 0x0000000738200000, 0x0000000738200000|100%| O|  |TAMS 0x0000000738200000| PB 0x0000000738200000| Untracked 
| 416|0x0000000738200000, 0x0000000738400000, 0x0000000738400000|100%| O|  |TAMS 0x0000000738400000| PB 0x0000000738400000| Untracked 
| 417|0x0000000738400000, 0x0000000738600000, 0x0000000738600000|100%| O|  |TAMS 0x0000000738600000| PB 0x0000000738600000| Untracked 
| 418|0x0000000738600000, 0x0000000738800000, 0x0000000738800000|100%| O|  |TAMS 0x0000000738800000| PB 0x0000000738800000| Untracked 
| 419|0x0000000738800000, 0x0000000738a00000, 0x0000000738a00000|100%| O|  |TAMS 0x0000000738a00000| PB 0x0000000738a00000| Untracked 
| 420|0x0000000738a00000, 0x0000000738c00000, 0x0000000738c00000|100%| O|  |TAMS 0x0000000738c00000| PB 0x0000000738c00000| Untracked 
| 421|0x0000000738c00000, 0x0000000738e00000, 0x0000000738e00000|100%| O|  |TAMS 0x0000000738e00000| PB 0x0000000738e00000| Updating 
| 422|0x0000000738e00000, 0x0000000739000000, 0x0000000739000000|100%| O|  |TAMS 0x0000000739000000| PB 0x0000000739000000| Untracked 
| 423|0x0000000739000000, 0x0000000739200000, 0x0000000739200000|100%| O|  |TAMS 0x0000000739200000| PB 0x0000000739200000| Untracked 
| 424|0x0000000739200000, 0x0000000739400000, 0x0000000739400000|100%| O|  |TAMS 0x0000000739400000| PB 0x0000000739400000| Updating 
| 425|0x0000000739400000, 0x0000000739600000, 0x0000000739600000|100%| O|  |TAMS 0x0000000739600000| PB 0x0000000739600000| Updating 
| 426|0x0000000739600000, 0x0000000739800000, 0x0000000739800000|100%| O|  |TAMS 0x0000000739800000| PB 0x0000000739800000| Updating 
| 427|0x0000000739800000, 0x0000000739a00000, 0x0000000739a00000|100%| O|  |TAMS 0x0000000739a00000| PB 0x0000000739a00000| Updating 
| 428|0x0000000739a00000, 0x0000000739c00000, 0x0000000739c00000|100%|HS|  |TAMS 0x0000000739c00000| PB 0x0000000739a00000| Complete 
| 429|0x0000000739c00000, 0x0000000739e00000, 0x0000000739e00000|100%|HC|  |TAMS 0x0000000739e00000| PB 0x0000000739c00000| Complete 
| 430|0x0000000739e00000, 0x000000073a000000, 0x000000073a000000|100%|HC|  |TAMS 0x000000073a000000| PB 0x0000000739e00000| Complete 
| 431|0x000000073a000000, 0x000000073a200000, 0x000000073a200000|100%|HC|  |TAMS 0x000000073a200000| PB 0x000000073a000000| Complete 
| 432|0x000000073a200000, 0x000000073a400000, 0x000000073a400000|100%|HC|  |TAMS 0x000000073a400000| PB 0x000000073a200000| Complete 
| 433|0x000000073a400000, 0x000000073a600000, 0x000000073a600000|100%|HC|  |TAMS 0x000000073a600000| PB 0x000000073a400000| Complete 
| 434|0x000000073a600000, 0x000000073a800000, 0x000000073a800000|100%| O|  |TAMS 0x000000073a800000| PB 0x000000073a800000| Untracked 
| 435|0x000000073a800000, 0x000000073aa00000, 0x000000073aa00000|100%| O|  |TAMS 0x000000073aa00000| PB 0x000000073aa00000| Untracked 
| 436|0x000000073aa00000, 0x000000073ac00000, 0x000000073ac00000|100%| O|  |TAMS 0x000000073ac00000| PB 0x000000073ac00000| Untracked 
| 437|0x000000073ac00000, 0x000000073ae00000, 0x000000073ae00000|100%| O|  |TAMS 0x000000073ae00000| PB 0x000000073ae00000| Untracked 
| 438|0x000000073ae00000, 0x000000073b000000, 0x000000073b000000|100%| O|  |TAMS 0x000000073b000000| PB 0x000000073b000000| Untracked 
| 439|0x000000073b000000, 0x000000073b200000, 0x000000073b200000|100%| O|  |TAMS 0x000000073b200000| PB 0x000000073b200000| Untracked 
| 440|0x000000073b200000, 0x000000073b400000, 0x000000073b400000|100%| O|  |TAMS 0x000000073b400000| PB 0x000000073b400000| Untracked 
| 441|0x000000073b400000, 0x000000073b600000, 0x000000073b600000|100%| O|  |TAMS 0x000000073b600000| PB 0x000000073b600000| Untracked 
| 442|0x000000073b600000, 0x000000073b800000, 0x000000073b800000|100%| O|  |TAMS 0x000000073b800000| PB 0x000000073b800000| Untracked 
| 443|0x000000073b800000, 0x000000073ba00000, 0x000000073ba00000|100%| O|  |TAMS 0x000000073ba00000| PB 0x000000073ba00000| Untracked 
| 444|0x000000073ba00000, 0x000000073bc00000, 0x000000073bc00000|100%| O|  |TAMS 0x000000073bc00000| PB 0x000000073bc00000| Untracked 
| 445|0x000000073bc00000, 0x000000073be00000, 0x000000073be00000|100%| O|  |TAMS 0x000000073be00000| PB 0x000000073be00000| Untracked 
| 446|0x000000073be00000, 0x000000073c000000, 0x000000073c000000|100%| O|  |TAMS 0x000000073c000000| PB 0x000000073c000000| Untracked 
| 447|0x000000073c000000, 0x000000073c200000, 0x000000073c200000|100%| O|  |TAMS 0x000000073c200000| PB 0x000000073c200000| Untracked 
| 448|0x000000073c200000, 0x000000073c400000, 0x000000073c400000|100%| O|  |TAMS 0x000000073c400000| PB 0x000000073c400000| Untracked 
| 449|0x000000073c400000, 0x000000073c600000, 0x000000073c600000|100%| O|  |TAMS 0x000000073c600000| PB 0x000000073c600000| Untracked 
| 450|0x000000073c600000, 0x000000073c800000, 0x000000073c800000|100%| O|  |TAMS 0x000000073c800000| PB 0x000000073c800000| Untracked 
| 451|0x000000073c800000, 0x000000073ca00000, 0x000000073ca00000|100%| O|  |TAMS 0x000000073ca00000| PB 0x000000073ca00000| Untracked 
| 452|0x000000073ca00000, 0x000000073cc00000, 0x000000073cc00000|100%| O|  |TAMS 0x000000073cc00000| PB 0x000000073cc00000| Untracked 
| 453|0x000000073cc00000, 0x000000073ce00000, 0x000000073ce00000|100%| O|  |TAMS 0x000000073ce00000| PB 0x000000073ce00000| Untracked 
| 454|0x000000073ce00000, 0x000000073d000000, 0x000000073d000000|100%| O|  |TAMS 0x000000073d000000| PB 0x000000073d000000| Untracked 
| 455|0x000000073d000000, 0x000000073d200000, 0x000000073d200000|100%| O|  |TAMS 0x000000073d200000| PB 0x000000073d200000| Untracked 
| 456|0x000000073d200000, 0x000000073d400000, 0x000000073d400000|100%| O|  |TAMS 0x000000073d400000| PB 0x000000073d400000| Untracked 
| 457|0x000000073d400000, 0x000000073d600000, 0x000000073d600000|100%| O|  |TAMS 0x000000073d600000| PB 0x000000073d600000| Untracked 
| 458|0x000000073d600000, 0x000000073d800000, 0x000000073d800000|100%| O|  |TAMS 0x000000073d800000| PB 0x000000073d800000| Untracked 
| 459|0x000000073d800000, 0x000000073da00000, 0x000000073da00000|100%| O|  |TAMS 0x000000073da00000| PB 0x000000073da00000| Untracked 
| 460|0x000000073da00000, 0x000000073dc00000, 0x000000073dc00000|100%| O|  |TAMS 0x000000073dc00000| PB 0x000000073dc00000| Untracked 
| 461|0x000000073dc00000, 0x000000073de00000, 0x000000073de00000|100%| O|  |TAMS 0x000000073de00000| PB 0x000000073de00000| Untracked 
| 462|0x000000073de00000, 0x000000073e000000, 0x000000073e000000|100%| O|  |TAMS 0x000000073e000000| PB 0x000000073e000000| Untracked 
| 463|0x000000073e000000, 0x000000073e200000, 0x000000073e200000|100%| O|  |TAMS 0x000000073e200000| PB 0x000000073e200000| Untracked 
| 464|0x000000073e200000, 0x000000073e400000, 0x000000073e400000|100%| O|  |TAMS 0x000000073e400000| PB 0x000000073e400000| Untracked 
| 465|0x000000073e400000, 0x000000073e600000, 0x000000073e600000|100%| O|  |TAMS 0x000000073e600000| PB 0x000000073e600000| Untracked 
| 466|0x000000073e600000, 0x000000073e800000, 0x000000073e800000|100%| O|  |TAMS 0x000000073e800000| PB 0x000000073e800000| Untracked 
| 467|0x000000073e800000, 0x000000073ea00000, 0x000000073ea00000|100%| O|  |TAMS 0x000000073ea00000| PB 0x000000073ea00000| Untracked 
| 468|0x000000073ea00000, 0x000000073ec00000, 0x000000073ec00000|100%| O|  |TAMS 0x000000073ec00000| PB 0x000000073ec00000| Untracked 
| 469|0x000000073ec00000, 0x000000073ee00000, 0x000000073ee00000|100%| O|  |TAMS 0x000000073ee00000| PB 0x000000073ee00000| Untracked 
| 470|0x000000073ee00000, 0x000000073f000000, 0x000000073f000000|100%| O|  |TAMS 0x000000073f000000| PB 0x000000073f000000| Untracked 
| 471|0x000000073f000000, 0x000000073f200000, 0x000000073f200000|100%| O|  |TAMS 0x000000073f200000| PB 0x000000073f200000| Untracked 
| 472|0x000000073f200000, 0x000000073f400000, 0x000000073f400000|100%| O|  |TAMS 0x000000073f400000| PB 0x000000073f400000| Untracked 
| 473|0x000000073f400000, 0x000000073f600000, 0x000000073f600000|100%| O|  |TAMS 0x000000073f600000| PB 0x000000073f600000| Updating 
| 474|0x000000073f600000, 0x000000073f800000, 0x000000073f800000|100%| O|  |TAMS 0x000000073f800000| PB 0x000000073f800000| Updating 
| 475|0x000000073f800000, 0x000000073fa00000, 0x000000073fa00000|100%| O|  |TAMS 0x000000073fa00000| PB 0x000000073fa00000| Updating 
| 476|0x000000073fa00000, 0x000000073fc00000, 0x000000073fc00000|100%| O|  |TAMS 0x000000073fb00000| PB 0x000000073fb00000| Updating 
| 477|0x000000073fc00000, 0x000000073fe00000, 0x000000073fe00000|100%| O|  |TAMS 0x000000073fc00000| PB 0x000000073fc00000| Untracked 
| 478|0x000000073fe00000, 0x0000000740000000, 0x0000000740000000|100%| O|  |TAMS 0x000000073fe00000| PB 0x000000073fe00000| Untracked 
| 479|0x0000000740000000, 0x0000000740200000, 0x0000000740200000|100%| O|  |TAMS 0x0000000740000000| PB 0x0000000740000000| Untracked 
| 480|0x0000000740200000, 0x0000000740400000, 0x0000000740400000|100%| O|  |TAMS 0x0000000740200000| PB 0x0000000740200000| Untracked 
| 481|0x0000000740400000, 0x0000000740600000, 0x0000000740600000|100%| O|  |TAMS 0x0000000740400000| PB 0x0000000740400000| Untracked 
| 482|0x0000000740600000, 0x0000000740800000, 0x0000000740800000|100%| O|  |TAMS 0x0000000740600000| PB 0x0000000740600000| Untracked 
| 483|0x0000000740800000, 0x0000000740a00000, 0x0000000740a00000|100%| O|  |TAMS 0x0000000740800000| PB 0x0000000740800000| Untracked 
| 484|0x0000000740a00000, 0x0000000740c00000, 0x0000000740c00000|100%| O|  |TAMS 0x0000000740a00000| PB 0x0000000740a00000| Untracked 
| 485|0x0000000740c00000, 0x0000000740e00000, 0x0000000740e00000|100%| O|  |TAMS 0x0000000740c00000| PB 0x0000000740c00000| Untracked 
| 486|0x0000000740e00000, 0x0000000741000000, 0x0000000741000000|100%| O|  |TAMS 0x0000000740e00000| PB 0x0000000740e00000| Untracked 
| 487|0x0000000741000000, 0x0000000741200000, 0x0000000741200000|100%| O|  |TAMS 0x0000000741000000| PB 0x0000000741000000| Untracked 
| 488|0x0000000741200000, 0x0000000741400000, 0x0000000741400000|100%| O|  |TAMS 0x0000000741200000| PB 0x0000000741200000| Untracked 
| 489|0x0000000741400000, 0x0000000741600000, 0x0000000741600000|100%| O|  |TAMS 0x0000000741400000| PB 0x0000000741400000| Untracked 
| 490|0x0000000741600000, 0x0000000741800000, 0x0000000741800000|100%| O|  |TAMS 0x0000000741600000| PB 0x0000000741600000| Untracked 
| 491|0x0000000741800000, 0x0000000741a00000, 0x0000000741a00000|100%| O|  |TAMS 0x0000000741800000| PB 0x0000000741800000| Untracked 
| 492|0x0000000741a00000, 0x0000000741c00000, 0x0000000741c00000|100%| O|  |TAMS 0x0000000741a00000| PB 0x0000000741a00000| Untracked 
| 493|0x0000000741c00000, 0x0000000741e00000, 0x0000000741e00000|100%| O|  |TAMS 0x0000000741c00000| PB 0x0000000741c00000| Untracked 
| 494|0x0000000741e00000, 0x0000000742000000, 0x0000000742000000|100%| O|  |TAMS 0x0000000741e00000| PB 0x0000000741e00000| Untracked 
| 495|0x0000000742000000, 0x0000000742200000, 0x0000000742200000|100%| O|  |TAMS 0x0000000742000000| PB 0x0000000742000000| Untracked 
| 496|0x0000000742200000, 0x0000000742400000, 0x0000000742400000|100%| O|  |TAMS 0x0000000742200000| PB 0x0000000742200000| Untracked 
| 497|0x0000000742400000, 0x0000000742600000, 0x0000000742600000|100%| O|  |TAMS 0x0000000742400000| PB 0x0000000742400000| Untracked 
| 498|0x0000000742600000, 0x0000000742800000, 0x0000000742800000|100%| O|  |TAMS 0x0000000742600000| PB 0x0000000742600000| Untracked 
| 499|0x0000000742800000, 0x0000000742a00000, 0x0000000742a00000|100%| O|  |TAMS 0x0000000742800000| PB 0x0000000742800000| Untracked 
| 500|0x0000000742a00000, 0x0000000742c00000, 0x0000000742c00000|100%| O|  |TAMS 0x0000000742a00000| PB 0x0000000742a00000| Untracked 
| 501|0x0000000742c00000, 0x0000000742e00000, 0x0000000742e00000|100%| O|  |TAMS 0x0000000742c00000| PB 0x0000000742c00000| Untracked 
| 502|0x0000000742e00000, 0x0000000743000000, 0x0000000743000000|100%| O|  |TAMS 0x0000000742e00000| PB 0x0000000742e00000| Untracked 
| 503|0x0000000743000000, 0x0000000743200000, 0x0000000743200000|100%| O|  |TAMS 0x0000000743000000| PB 0x0000000743000000| Untracked 
| 504|0x0000000743200000, 0x0000000743400000, 0x0000000743400000|100%| O|  |TAMS 0x0000000743200000| PB 0x0000000743200000| Untracked 
| 505|0x0000000743400000, 0x0000000743600000, 0x0000000743600000|100%| O|  |TAMS 0x0000000743400000| PB 0x0000000743400000| Untracked 
| 506|0x0000000743600000, 0x0000000743800000, 0x0000000743800000|100%| O|  |TAMS 0x0000000743600000| PB 0x0000000743600000| Untracked 
| 507|0x0000000743800000, 0x0000000743a00000, 0x0000000743a00000|100%| O|  |TAMS 0x0000000743800000| PB 0x0000000743800000| Untracked 
| 508|0x0000000743a00000, 0x0000000743c00000, 0x0000000743c00000|100%| O|  |TAMS 0x0000000743a00000| PB 0x0000000743a00000| Untracked 
| 509|0x0000000743c00000, 0x0000000743d00000, 0x0000000743e00000| 50%| O|  |TAMS 0x0000000743c00000| PB 0x0000000743c00000| Updating 
| 510|0x0000000743e00000, 0x0000000743e00000, 0x0000000744000000|  0%| F|  |TAMS 0x0000000743e00000| PB 0x0000000743e00000| Untracked 
| 511|0x0000000744000000, 0x0000000744000000, 0x0000000744200000|  0%| F|  |TAMS 0x0000000744000000| PB 0x0000000744000000| Untracked 
| 512|0x0000000744200000, 0x0000000744200000, 0x0000000744400000|  0%| F|  |TAMS 0x0000000744200000| PB 0x0000000744200000| Untracked 
| 513|0x0000000744400000, 0x0000000744400000, 0x0000000744600000|  0%| F|  |TAMS 0x0000000744400000| PB 0x0000000744400000| Untracked 
| 514|0x0000000744600000, 0x0000000744600000, 0x0000000744800000|  0%| F|  |TAMS 0x0000000744600000| PB 0x0000000744600000| Untracked 
| 515|0x0000000744800000, 0x0000000744800000, 0x0000000744a00000|  0%| F|  |TAMS 0x0000000744800000| PB 0x0000000744800000| Untracked 
| 516|0x0000000744a00000, 0x0000000744a00000, 0x0000000744c00000|  0%| F|  |TAMS 0x0000000744a00000| PB 0x0000000744a00000| Untracked 
| 517|0x0000000744c00000, 0x0000000744c00000, 0x0000000744e00000|  0%| F|  |TAMS 0x0000000744c00000| PB 0x0000000744c00000| Untracked 
| 518|0x0000000744e00000, 0x0000000744e00000, 0x0000000745000000|  0%| F|  |TAMS 0x0000000744e00000| PB 0x0000000744e00000| Untracked 
| 519|0x0000000745000000, 0x0000000745000000, 0x0000000745200000|  0%| F|  |TAMS 0x0000000745000000| PB 0x0000000745000000| Untracked 
| 520|0x0000000745200000, 0x0000000745200000, 0x0000000745400000|  0%| F|  |TAMS 0x0000000745200000| PB 0x0000000745200000| Untracked 
| 521|0x0000000745400000, 0x0000000745400000, 0x0000000745600000|  0%| F|  |TAMS 0x0000000745400000| PB 0x0000000745400000| Untracked 
| 522|0x0000000745600000, 0x0000000745600000, 0x0000000745800000|  0%| F|  |TAMS 0x0000000745600000| PB 0x0000000745600000| Untracked 
| 523|0x0000000745800000, 0x0000000745800000, 0x0000000745a00000|  0%| F|  |TAMS 0x0000000745800000| PB 0x0000000745800000| Untracked 
| 524|0x0000000745a00000, 0x0000000745a00000, 0x0000000745c00000|  0%| F|  |TAMS 0x0000000745a00000| PB 0x0000000745a00000| Untracked 
| 525|0x0000000745c00000, 0x0000000745c00000, 0x0000000745e00000|  0%| F|  |TAMS 0x0000000745c00000| PB 0x0000000745c00000| Untracked 
| 526|0x0000000745e00000, 0x0000000745e00000, 0x0000000746000000|  0%| F|  |TAMS 0x0000000745e00000| PB 0x0000000745e00000| Untracked 
| 527|0x0000000746000000, 0x0000000746000000, 0x0000000746200000|  0%| F|  |TAMS 0x0000000746000000| PB 0x0000000746000000| Untracked 
| 528|0x0000000746200000, 0x0000000746200000, 0x0000000746400000|  0%| F|  |TAMS 0x0000000746200000| PB 0x0000000746200000| Untracked 
| 529|0x0000000746400000, 0x0000000746400000, 0x0000000746600000|  0%| F|  |TAMS 0x0000000746400000| PB 0x0000000746400000| Untracked 
| 530|0x0000000746600000, 0x0000000746600000, 0x0000000746800000|  0%| F|  |TAMS 0x0000000746600000| PB 0x0000000746600000| Untracked 
| 531|0x0000000746800000, 0x0000000746800000, 0x0000000746a00000|  0%| F|  |TAMS 0x0000000746800000| PB 0x0000000746800000| Untracked 
| 532|0x0000000746a00000, 0x0000000746a00000, 0x0000000746c00000|  0%| F|  |TAMS 0x0000000746a00000| PB 0x0000000746a00000| Untracked 
| 533|0x0000000746c00000, 0x0000000746c00000, 0x0000000746e00000|  0%| F|  |TAMS 0x0000000746c00000| PB 0x0000000746c00000| Untracked 
| 534|0x0000000746e00000, 0x0000000746e00000, 0x0000000747000000|  0%| F|  |TAMS 0x0000000746e00000| PB 0x0000000746e00000| Untracked 
| 535|0x0000000747000000, 0x0000000747000000, 0x0000000747200000|  0%| F|  |TAMS 0x0000000747000000| PB 0x0000000747000000| Untracked 
| 536|0x0000000747200000, 0x0000000747200000, 0x0000000747400000|  0%| F|  |TAMS 0x0000000747200000| PB 0x0000000747200000| Untracked 
| 537|0x0000000747400000, 0x0000000747400000, 0x0000000747600000|  0%| F|  |TAMS 0x0000000747400000| PB 0x0000000747400000| Untracked 
| 538|0x0000000747600000, 0x0000000747600000, 0x0000000747800000|  0%| F|  |TAMS 0x0000000747600000| PB 0x0000000747600000| Untracked 
| 539|0x0000000747800000, 0x0000000747800000, 0x0000000747a00000|  0%| F|  |TAMS 0x0000000747800000| PB 0x0000000747800000| Untracked 
| 540|0x0000000747a00000, 0x0000000747a00000, 0x0000000747c00000|  0%| F|  |TAMS 0x0000000747a00000| PB 0x0000000747a00000| Untracked 
| 541|0x0000000747c00000, 0x0000000747c00000, 0x0000000747e00000|  0%| F|  |TAMS 0x0000000747c00000| PB 0x0000000747c00000| Untracked 
| 542|0x0000000747e00000, 0x0000000747e00000, 0x0000000748000000|  0%| F|  |TAMS 0x0000000747e00000| PB 0x0000000747e00000| Untracked 
| 543|0x0000000748000000, 0x0000000748000000, 0x0000000748200000|  0%| F|  |TAMS 0x0000000748000000| PB 0x0000000748000000| Untracked 
| 544|0x0000000748200000, 0x0000000748200000, 0x0000000748400000|  0%| F|  |TAMS 0x0000000748200000| PB 0x0000000748200000| Untracked 
| 545|0x0000000748400000, 0x0000000748400000, 0x0000000748600000|  0%| F|  |TAMS 0x0000000748400000| PB 0x0000000748400000| Untracked 
| 546|0x0000000748600000, 0x0000000748800000, 0x0000000748800000|100%| S|CS|TAMS 0x0000000748600000| PB 0x0000000748600000| Complete 
| 547|0x0000000748800000, 0x0000000748a00000, 0x0000000748a00000|100%| S|CS|TAMS 0x0000000748800000| PB 0x0000000748800000| Complete 
| 548|0x0000000748a00000, 0x0000000748c00000, 0x0000000748c00000|100%| S|CS|TAMS 0x0000000748a00000| PB 0x0000000748a00000| Complete 
| 549|0x0000000748c00000, 0x0000000748e00000, 0x0000000748e00000|100%| S|CS|TAMS 0x0000000748c00000| PB 0x0000000748c00000| Complete 
| 550|0x0000000748e00000, 0x0000000749000000, 0x0000000749000000|100%| S|CS|TAMS 0x0000000748e00000| PB 0x0000000748e00000| Complete 
| 551|0x0000000749000000, 0x0000000749000000, 0x0000000749200000|  0%| F|  |TAMS 0x0000000749000000| PB 0x0000000749000000| Untracked 
| 552|0x0000000749200000, 0x0000000749200000, 0x0000000749400000|  0%| F|  |TAMS 0x0000000749200000| PB 0x0000000749200000| Untracked 
| 553|0x0000000749400000, 0x0000000749400000, 0x0000000749600000|  0%| F|  |TAMS 0x0000000749400000| PB 0x0000000749400000| Untracked 
| 554|0x0000000749600000, 0x0000000749600000, 0x0000000749800000|  0%| F|  |TAMS 0x0000000749600000| PB 0x0000000749600000| Untracked 
| 555|0x0000000749800000, 0x0000000749800000, 0x0000000749a00000|  0%| F|  |TAMS 0x0000000749800000| PB 0x0000000749800000| Untracked 
| 556|0x0000000749a00000, 0x0000000749a00000, 0x0000000749c00000|  0%| F|  |TAMS 0x0000000749a00000| PB 0x0000000749a00000| Untracked 
| 557|0x0000000749c00000, 0x0000000749c00000, 0x0000000749e00000|  0%| F|  |TAMS 0x0000000749c00000| PB 0x0000000749c00000| Untracked 
| 558|0x0000000749e00000, 0x0000000749e00000, 0x000000074a000000|  0%| F|  |TAMS 0x0000000749e00000| PB 0x0000000749e00000| Untracked 
| 559|0x000000074a000000, 0x000000074a000000, 0x000000074a200000|  0%| F|  |TAMS 0x000000074a000000| PB 0x000000074a000000| Untracked 
| 560|0x000000074a200000, 0x000000074a200000, 0x000000074a400000|  0%| F|  |TAMS 0x000000074a200000| PB 0x000000074a200000| Untracked 
| 561|0x000000074a400000, 0x000000074a400000, 0x000000074a600000|  0%| F|  |TAMS 0x000000074a400000| PB 0x000000074a400000| Untracked 
| 562|0x000000074a600000, 0x000000074a600000, 0x000000074a800000|  0%| F|  |TAMS 0x000000074a600000| PB 0x000000074a600000| Untracked 
| 563|0x000000074a800000, 0x000000074a800000, 0x000000074aa00000|  0%| F|  |TAMS 0x000000074a800000| PB 0x000000074a800000| Untracked 
| 564|0x000000074aa00000, 0x000000074ab00800, 0x000000074ac00000| 50%| E|  |TAMS 0x000000074aa00000| PB 0x000000074aa00000| Complete 
| 565|0x000000074ac00000, 0x000000074ae00000, 0x000000074ae00000|100%| E|CS|TAMS 0x000000074ac00000| PB 0x000000074ac00000| Complete 
| 566|0x000000074ae00000, 0x000000074b000000, 0x000000074b000000|100%| E|CS|TAMS 0x000000074ae00000| PB 0x000000074ae00000| Complete 
| 567|0x000000074b000000, 0x000000074b200000, 0x000000074b200000|100%| E|CS|TAMS 0x000000074b000000| PB 0x000000074b000000| Complete 
| 568|0x000000074b200000, 0x000000074b400000, 0x000000074b400000|100%| E|CS|TAMS 0x000000074b200000| PB 0x000000074b200000| Complete 
|1984|0x00000007fc200000, 0x00000007fc400000, 0x00000007fc400000|100%| E|CS|TAMS 0x00000007fc200000| PB 0x00000007fc200000| Complete 
|1985|0x00000007fc400000, 0x00000007fc600000, 0x00000007fc600000|100%| O|  |TAMS 0x00000007fc600000| PB 0x00000007fc600000| Updating 
|1986|0x00000007fc600000, 0x00000007fc800000, 0x00000007fc800000|100%| O|  |TAMS 0x00000007fc800000| PB 0x00000007fc800000| Updating 
|1987|0x00000007fc800000, 0x00000007fca00000, 0x00000007fca00000|100%| O|  |TAMS 0x00000007fca00000| PB 0x00000007fca00000| Untracked 
|1988|0x00000007fca00000, 0x00000007fcc00000, 0x00000007fcc00000|100%| O|  |TAMS 0x00000007fcc00000| PB 0x00000007fcc00000| Untracked 
|1989|0x00000007fcc00000, 0x00000007fce00000, 0x00000007fce00000|100%| O|  |TAMS 0x00000007fce00000| PB 0x00000007fce00000| Untracked 
|1990|0x00000007fce00000, 0x00000007fd000000, 0x00000007fd000000|100%| O|  |TAMS 0x00000007fd000000| PB 0x00000007fd000000| Untracked 
|1991|0x00000007fd000000, 0x00000007fd200000, 0x00000007fd200000|100%| O|  |TAMS 0x00000007fd200000| PB 0x00000007fd200000| Untracked 
|1992|0x00000007fd200000, 0x00000007fd400000, 0x00000007fd400000|100%| O|  |TAMS 0x00000007fd400000| PB 0x00000007fd400000| Updating 
|1993|0x00000007fd400000, 0x00000007fd600000, 0x00000007fd600000|100%| O|  |TAMS 0x00000007fd600000| PB 0x00000007fd600000| Untracked 
|1994|0x00000007fd600000, 0x00000007fd800000, 0x00000007fd800000|100%| O|  |TAMS 0x00000007fd800000| PB 0x00000007fd800000| Untracked 
|1995|0x00000007fd800000, 0x00000007fda00000, 0x00000007fda00000|100%| O|  |TAMS 0x00000007fda00000| PB 0x00000007fda00000| Untracked 
|1996|0x00000007fda00000, 0x00000007fdc00000, 0x00000007fdc00000|100%| O|  |TAMS 0x00000007fdc00000| PB 0x00000007fdc00000| Untracked 
|1997|0x00000007fdc00000, 0x00000007fde00000, 0x00000007fde00000|100%| O|  |TAMS 0x00000007fde00000| PB 0x00000007fde00000| Untracked 
|1998|0x00000007fde00000, 0x00000007fe000000, 0x00000007fe000000|100%| O|  |TAMS 0x00000007fe000000| PB 0x00000007fe000000| Untracked 
|1999|0x00000007fe000000, 0x00000007fe200000, 0x00000007fe200000|100%| E|CS|TAMS 0x00000007fe000000| PB 0x00000007fe000000| Complete 
|2000|0x00000007fe200000, 0x00000007fe400000, 0x00000007fe400000|100%| E|CS|TAMS 0x00000007fe200000| PB 0x00000007fe200000| Complete 
|2001|0x00000007fe400000, 0x00000007fe600000, 0x00000007fe600000|100%| E|CS|TAMS 0x00000007fe400000| PB 0x00000007fe400000| Complete 
|2002|0x00000007fe600000, 0x00000007fe800000, 0x00000007fe800000|100%| E|CS|TAMS 0x00000007fe600000| PB 0x00000007fe600000| Complete 
|2003|0x00000007fe800000, 0x00000007fea00000, 0x00000007fea00000|100%| E|CS|TAMS 0x00000007fe800000| PB 0x00000007fe800000| Complete 
|2004|0x00000007fea00000, 0x00000007fec00000, 0x00000007fec00000|100%| O|  |TAMS 0x00000007fec00000| PB 0x00000007fec00000| Updating 
|2005|0x00000007fec00000, 0x00000007fee00000, 0x00000007fee00000|100%| O|  |TAMS 0x00000007fee00000| PB 0x00000007fee00000| Updating 
|2006|0x00000007fee00000, 0x00000007ff000000, 0x00000007ff000000|100%| O|  |TAMS 0x00000007ff000000| PB 0x00000007ff000000| Updating 
|2007|0x00000007ff000000, 0x00000007ff200000, 0x00000007ff200000|100%| O|  |TAMS 0x00000007ff200000| PB 0x00000007ff200000| Updating 
|2008|0x00000007ff200000, 0x00000007ff400000, 0x00000007ff400000|100%| E|CS|TAMS 0x00000007ff200000| PB 0x00000007ff200000| Complete 
|2009|0x00000007ff400000, 0x00000007ff600000, 0x00000007ff600000|100%| O|  |TAMS 0x00000007ff600000| PB 0x00000007ff600000| Updating 
|2010|0x00000007ff600000, 0x00000007ff800000, 0x00000007ff800000|100%| O|  |TAMS 0x00000007ff800000| PB 0x00000007ff800000| Updating 
|2011|0x00000007ff800000, 0x00000007ffa00000, 0x00000007ffa00000|100%| E|CS|TAMS 0x00000007ff800000| PB 0x00000007ff800000| Complete 
|2012|0x00000007ffa00000, 0x00000007ffc00000, 0x00000007ffc00000|100%| E|CS|TAMS 0x00000007ffa00000| PB 0x00000007ffa00000| Complete 
|2013|0x00000007ffc00000, 0x00000007ffe00000, 0x00000007ffe00000|100%| E|CS|TAMS 0x00000007ffc00000| PB 0x00000007ffc00000| Complete 
|2014|0x00000007ffe00000, 0x0000000800000000, 0x0000000800000000|100%| E|CS|TAMS 0x00000007ffe00000| PB 0x00000007ffe00000| Complete 

Card table byte_map: [0x00000220ff0e0000,0x00000220ff8c0000] _byte_map_base: 0x00000220fb8bf000

Marking Bits: (CMBitMap*) 0x00000220f7553050
 Bits: [0x0000022080000000, 0x0000022083ef8000)

Polling page: 0x00000220f7570000

Metaspace:

Usage:
  Non-class:     64.06 MB used.
      Class:      9.82 MB used.
       Both:     73.89 MB used.

Virtual space:
  Non-class space:      128.00 MB reserved,      64.62 MB ( 50%) committed,  2 nodes.
      Class space:        1.00 GB reserved,      10.19 MB ( <1%) committed,  1 nodes.
             Both:        1.12 GB reserved,      74.81 MB (  6%) committed. 

Chunk freelists:
   Non-Class:  15.49 MB
       Class:  5.83 MB
        Both:  21.32 MB

MaxMetaspaceSize: unlimited
CompressedClassSpaceSize: 1.00 GB
Initial GC threshold: 21.00 MB
Current GC threshold: 124.69 MB
CDS: off
 - commit_granule_bytes: 65536.
 - commit_granule_words: 8192.
 - virtual_space_node_default_size: 8388608.
 - enlarge_chunks_in_place: 1.
 - use_allocation_guard: 0.


Internal statistics:

num_allocs_failed_limit: 9.
num_arena_births: 1024.
num_arena_deaths: 270.
num_vsnodes_births: 3.
num_vsnodes_deaths: 0.
num_space_committed: 1197.
num_space_uncommitted: 0.
num_chunks_returned_to_freelist: 311.
num_chunks_taken_from_freelist: 3380.
num_chunk_merges: 72.
num_chunk_splits: 2448.
num_chunks_enlarged: 1899.
num_inconsistent_stats: 0.

CodeCache: size=49152Kb used=3437Kb max_used=14056Kb free=45714Kb
 bounds [0x00000220fb080000, 0x00000220fbe40000, 0x00000220fe080000]
 total_blobs=1697 nmethods=1008 adapters=612
 compilation: enabled
              stopped_count=0, restarted_count=0
 full_count=0

Compilation events (20 events):
Event: 84.712 Thread 0x000002208642c980 6605       1       java.lang.Long::hashCode (8 bytes)
Event: 84.712 Thread 0x000002208642c980 nmethod 6605 0x00000220fbc4be90 code [0x00000220fbc4c020, 0x00000220fbc4c0d8]
Event: 84.713 Thread 0x000002208642c980 6606       1       java.util.ComparableTimSort::sort (219 bytes)
Event: 84.714 Thread 0x000002208642c980 nmethod 6606 0x00000220fbd89e90 code [0x00000220fbd8a0a0, 0x00000220fbd8a4f0]
Event: 93.666 Thread 0x000002208642c980 6607       1       java.lang.Long::hashCode (8 bytes)
Event: 93.743 Thread 0x000002208642c980 nmethod 6607 0x00000220fbe22490 code [0x00000220fbe22620, 0x00000220fbe22700]
Event: 94.057 Thread 0x000002208642c980 6608       1       org.apache.catalina.LifecycleEvent::getType (5 bytes)
Event: 94.057 Thread 0x000002208642c980 nmethod 6608 0x00000220fbaa1810 code [0x00000220fbaa19a0, 0x00000220fbaa1a70]
Event: 94.298 Thread 0x000002208642c980 6609       1       java.util.Arrays::sort (24 bytes)
Event: 94.299 Thread 0x000002208642c980 nmethod 6609 0x00000220fbaa1490 code [0x00000220fbaa1620, 0x00000220fbaa1710]
Event: 95.918 Thread 0x000002208642c980 6610   !   1       java.nio.ByteBuffer::putArray (122 bytes)
Event: 95.966 Thread 0x000002208642c980 nmethod 6610 0x00000220fbe18190 code [0x00000220fbe183a0, 0x00000220fbe18980]
Event: 95.966 Thread 0x000002208642c980 6612   !   1       sun.nio.ch.NioSocketImpl::endWrite (58 bytes)
Event: 95.966 Thread 0x000002208642c980 nmethod 6612 0x00000220fbc39410 code [0x00000220fbc395e0, 0x00000220fbc39938]
Event: 101.111 Thread 0x000002208642c980 6613       1       javax.management.ObjectName::setCanonicalName (251 bytes)
Event: 101.113 Thread 0x000002208642c980 nmethod 6613 0x00000220fbe1b010 code [0x00000220fbe1b280, 0x00000220fbe1be68]
Event: 104.080 Thread 0x000002208642c980 6614       1       java.util.concurrent.locks.ReentrantReadWriteLock::readLock (5 bytes)
Event: 104.081 Thread 0x000002208642c980 nmethod 6614 0x00000220fb30e090 code [0x00000220fb30e220, 0x00000220fb30e2f0]
Event: 105.977 Thread 0x000002208642c980 6615       1       javax.management.ObjectName::isPattern (17 bytes)
Event: 105.977 Thread 0x000002208642c980 nmethod 6615 0x00000220fbe0d390 code [0x00000220fbe0d520, 0x00000220fbe0d600]

GC Heap History (20 events):
Event: 80.847 GC heap before
{Heap before GC invocations=32 (full 0):
 garbage-first heap   total 561152K, used 470016K [0x0000000704200000, 0x0000000800000000)
  region size 2048K, 25 young (51200K), 5 survivors (10240K)
 Metaspace       used 75924K, committed 76608K, reserved 1179648K
  class space    used 10124K, committed 10432K, reserved 1048576K
}
Event: 80.907 GC heap after
{Heap after GC invocations=33 (full 0):
 garbage-first heap   total 561152K, used 473088K [0x0000000704200000, 0x0000000800000000)
  region size 2048K, 4 young (8192K), 4 survivors (8192K)
 Metaspace       used 75924K, committed 76608K, reserved 1179648K
  class space    used 10124K, committed 10432K, reserved 1048576K
}
Event: 82.398 GC heap before
{Heap before GC invocations=33 (full 0):
 garbage-first heap   total 561152K, used 497664K [0x0000000704200000, 0x0000000800000000)
  region size 2048K, 16 young (32768K), 4 survivors (8192K)
 Metaspace       used 75924K, committed 76608K, reserved 1179648K
  class space    used 10124K, committed 10432K, reserved 1048576K
}
Event: 82.424 GC heap after
{Heap after GC invocations=34 (full 0):
 garbage-first heap   total 561152K, used 501760K [0x0000000704200000, 0x0000000800000000)
  region size 2048K, 2 young (4096K), 2 survivors (4096K)
 Metaspace       used 75924K, committed 76608K, reserved 1179648K
  class space    used 10124K, committed 10432K, reserved 1048576K
}
Event: 84.898 GC heap before
{Heap before GC invocations=35 (full 0):
 garbage-first heap   total 827392K, used 532480K [0x0000000704200000, 0x0000000800000000)
  region size 2048K, 20 young (40960K), 2 survivors (4096K)
 Metaspace       used 75659K, committed 76608K, reserved 1179648K
  class space    used 10057K, committed 10432K, reserved 1048576K
}
Event: 84.931 GC heap after
{Heap after GC invocations=36 (full 0):
 garbage-first heap   total 827392K, used 535350K [0x0000000704200000, 0x0000000800000000)
  region size 2048K, 3 young (6144K), 3 survivors (6144K)
 Metaspace       used 75659K, committed 76608K, reserved 1179648K
  class space    used 10057K, committed 10432K, reserved 1048576K
}
Event: 89.998 GC heap before
{Heap before GC invocations=36 (full 0):
 garbage-first heap   total 827392K, used 629558K [0x0000000704200000, 0x0000000800000000)
  region size 2048K, 46 young (94208K), 3 survivors (6144K)
 Metaspace       used 75659K, committed 76608K, reserved 1179648K
  class space    used 10057K, committed 10432K, reserved 1048576K
}
Event: 90.086 GC heap after
{Heap after GC invocations=37 (full 0):
 garbage-first heap   total 827392K, used 623616K [0x0000000704200000, 0x0000000800000000)
  region size 2048K, 6 young (12288K), 6 survivors (12288K)
 Metaspace       used 75659K, committed 76608K, reserved 1179648K
  class space    used 10057K, committed 10432K, reserved 1048576K
}
Event: 93.667 GC heap before
{Heap before GC invocations=37 (full 0):
 garbage-first heap   total 827392K, used 685056K [0x0000000704200000, 0x0000000800000000)
  region size 2048K, 36 young (73728K), 6 survivors (12288K)
 Metaspace       used 75659K, committed 76608K, reserved 1179648K
  class space    used 10057K, committed 10432K, reserved 1048576K
}
Event: 93.742 GC heap after
{Heap after GC invocations=38 (full 0):
 garbage-first heap   total 827392K, used 689152K [0x0000000704200000, 0x0000000800000000)
  region size 2048K, 5 young (10240K), 5 survivors (10240K)
 Metaspace       used 75659K, committed 76608K, reserved 1179648K
  class space    used 10057K, committed 10432K, reserved 1048576K
}
Event: 95.918 GC heap before
{Heap before GC invocations=38 (full 0):
 garbage-first heap   total 827392K, used 730112K [0x0000000704200000, 0x0000000800000000)
  region size 2048K, 25 young (51200K), 5 survivors (10240K)
 Metaspace       used 75659K, committed 76608K, reserved 1179648K
  class space    used 10057K, committed 10432K, reserved 1048576K
}
Event: 95.965 GC heap after
{Heap after GC invocations=39 (full 0):
 garbage-first heap   total 827392K, used 733184K [0x0000000704200000, 0x0000000800000000)
  region size 2048K, 4 young (8192K), 4 survivors (8192K)
 Metaspace       used 75659K, committed 76608K, reserved 1179648K
  class space    used 10057K, committed 10432K, reserved 1048576K
}
Event: 99.217 GC heap before
{Heap before GC invocations=40 (full 0):
 garbage-first heap   total 1228800K, used 790528K [0x0000000704200000, 0x0000000800000000)
  region size 2048K, 30 young (61440K), 4 survivors (8192K)
 Metaspace       used 75659K, committed 76608K, reserved 1179648K
  class space    used 10057K, committed 10432K, reserved 1048576K
}
Event: 99.273 GC heap after
{Heap after GC invocations=41 (full 0):
 garbage-first heap   total 1228800K, used 794624K [0x0000000704200000, 0x0000000800000000)
  region size 2048K, 4 young (8192K), 4 survivors (8192K)
 Metaspace       used 75659K, committed 76608K, reserved 1179648K
  class space    used 10057K, committed 10432K, reserved 1048576K
}
Event: 106.460 GC heap before
{Heap before GC invocations=41 (full 0):
 garbage-first heap   total 1228800K, used 927744K [0x0000000704200000, 0x0000000800000000)
  region size 2048K, 69 young (141312K), 4 survivors (8192K)
 Metaspace       used 75659K, committed 76608K, reserved 1179648K
  class space    used 10057K, committed 10432K, reserved 1048576K
}
Event: 106.600 GC heap after
{Heap after GC invocations=42 (full 0):
 garbage-first heap   total 1228800K, used 921600K [0x0000000704200000, 0x0000000800000000)
  region size 2048K, 9 young (18432K), 9 survivors (18432K)
 Metaspace       used 75659K, committed 76608K, reserved 1179648K
  class space    used 10057K, committed 10432K, reserved 1048576K
}
Event: 112.304 GC heap before
{Heap before GC invocations=42 (full 0):
 garbage-first heap   total 1228800K, used 1028096K [0x0000000704200000, 0x0000000800000000)
  region size 2048K, 55 young (112640K), 9 survivors (18432K)
 Metaspace       used 75659K, committed 76608K, reserved 1179648K
  class space    used 10057K, committed 10432K, reserved 1048576K
}
Event: 112.401 GC heap after
{Heap after GC invocations=43 (full 0):
 garbage-first heap   total 1228800K, used 1031168K [0x0000000704200000, 0x0000000800000000)
  region size 2048K, 7 young (14336K), 7 survivors (14336K)
 Metaspace       used 75659K, committed 76608K, reserved 1179648K
  class space    used 10057K, committed 10432K, reserved 1048576K
}
Event: 115.234 GC heap before
{Heap before GC invocations=43 (full 0):
 garbage-first heap   total 1228800K, used 1090560K [0x0000000704200000, 0x0000000800000000)
  region size 2048K, 36 young (73728K), 7 survivors (14336K)
 Metaspace       used 75659K, committed 76608K, reserved 1179648K
  class space    used 10057K, committed 10432K, reserved 1048576K
}
Event: 115.299 GC heap after
{Heap after GC invocations=44 (full 0):
 garbage-first heap   total 1228800K, used 1094656K [0x0000000704200000, 0x0000000800000000)
  region size 2048K, 5 young (10240K), 5 survivors (10240K)
 Metaspace       used 75659K, committed 76608K, reserved 1179648K
  class space    used 10057K, committed 10432K, reserved 1048576K
}

Dll operation events (12 events):
Event: 0.057 Loaded shared library E:\Eclipse New\eclipse\plugins\org.eclipse.justj.openjdk.hotspot.jre.full.win32.x86_64_21.0.4.v20240802-1551\jre\bin\java.dll
Event: 0.077 Loaded shared library E:\Eclipse New\eclipse\plugins\org.eclipse.justj.openjdk.hotspot.jre.full.win32.x86_64_21.0.4.v20240802-1551\jre\bin\zip.dll
Event: 1.823 Loaded shared library E:\Eclipse New\eclipse\plugins\org.eclipse.justj.openjdk.hotspot.jre.full.win32.x86_64_21.0.4.v20240802-1551\jre\bin\instrument.dll
Event: 1.850 Loaded shared library E:\Eclipse New\eclipse\plugins\org.eclipse.justj.openjdk.hotspot.jre.full.win32.x86_64_21.0.4.v20240802-1551\jre\bin\net.dll
Event: 1.855 Loaded shared library E:\Eclipse New\eclipse\plugins\org.eclipse.justj.openjdk.hotspot.jre.full.win32.x86_64_21.0.4.v20240802-1551\jre\bin\nio.dll
Event: 1.874 Loaded shared library E:\Eclipse New\eclipse\plugins\org.eclipse.justj.openjdk.hotspot.jre.full.win32.x86_64_21.0.4.v20240802-1551\jre\bin\zip.dll
Event: 2.486 Loaded shared library E:\Eclipse New\eclipse\plugins\org.eclipse.justj.openjdk.hotspot.jre.full.win32.x86_64_21.0.4.v20240802-1551\jre\bin\jimage.dll
Event: 2.605 Loaded shared library E:\Eclipse New\eclipse\plugins\org.eclipse.justj.openjdk.hotspot.jre.full.win32.x86_64_21.0.4.v20240802-1551\jre\bin\management.dll
Event: 2.629 Loaded shared library E:\Eclipse New\eclipse\plugins\org.eclipse.justj.openjdk.hotspot.jre.full.win32.x86_64_21.0.4.v20240802-1551\jre\bin\management_ext.dll
Event: 10.409 Loaded shared library E:\Eclipse New\eclipse\plugins\org.eclipse.justj.openjdk.hotspot.jre.full.win32.x86_64_21.0.4.v20240802-1551\jre\bin\extnet.dll
Event: 10.556 Loaded shared library E:\Eclipse New\eclipse\plugins\org.eclipse.justj.openjdk.hotspot.jre.full.win32.x86_64_21.0.4.v20240802-1551\jre\bin\verify.dll
Event: 16.525 Loaded shared library E:\Eclipse New\eclipse\plugins\org.eclipse.justj.openjdk.hotspot.jre.full.win32.x86_64_21.0.4.v20240802-1551\jre\bin\sunmscapi.dll

Deoptimization events (20 events):
Event: 114.013 Thread 0x000002208bad4840 DEOPT PACKING pc=0x00000220fbafad9c sp=0x0000008a836febb0
Event: 114.013 Thread 0x000002208bad4840 DEOPT UNPACKING pc=0x00000220fb0d88e2 sp=0x0000008a836fe0a0 mode 1
Event: 114.013 Thread 0x000002208bad4840 DEOPT PACKING pc=0x00000220fbb7dc74 sp=0x0000008a836fed50
Event: 114.013 Thread 0x000002208bad4840 DEOPT UNPACKING pc=0x00000220fb0d88e2 sp=0x0000008a836fe240 mode 1
Event: 114.566 Thread 0x000002208bad4840 DEOPT PACKING pc=0x00000220fbafad9c sp=0x0000008a836febb0
Event: 114.566 Thread 0x000002208bad4840 DEOPT UNPACKING pc=0x00000220fb0d88e2 sp=0x0000008a836fe0a0 mode 1
Event: 114.566 Thread 0x000002208bad4840 DEOPT PACKING pc=0x00000220fbb7dc74 sp=0x0000008a836fed50
Event: 114.566 Thread 0x000002208bad4840 DEOPT UNPACKING pc=0x00000220fb0d88e2 sp=0x0000008a836fe240 mode 1
Event: 115.120 Thread 0x000002208bad4840 DEOPT PACKING pc=0x00000220fbafad9c sp=0x0000008a836febb0
Event: 115.120 Thread 0x000002208bad4840 DEOPT UNPACKING pc=0x00000220fb0d88e2 sp=0x0000008a836fe0a0 mode 1
Event: 115.120 Thread 0x000002208bad4840 DEOPT PACKING pc=0x00000220fbb7dc74 sp=0x0000008a836fed50
Event: 115.120 Thread 0x000002208bad4840 DEOPT UNPACKING pc=0x00000220fb0d88e2 sp=0x0000008a836fe240 mode 1
Event: 115.674 Thread 0x000002208bad4840 DEOPT PACKING pc=0x00000220fbafad9c sp=0x0000008a836febb0
Event: 115.674 Thread 0x000002208bad4840 DEOPT UNPACKING pc=0x00000220fb0d88e2 sp=0x0000008a836fe0a0 mode 1
Event: 115.674 Thread 0x000002208bad4840 DEOPT PACKING pc=0x00000220fbb7dc74 sp=0x0000008a836fed50
Event: 115.674 Thread 0x000002208bad4840 DEOPT UNPACKING pc=0x00000220fb0d88e2 sp=0x0000008a836fe240 mode 1
Event: 116.227 Thread 0x000002208bad4840 DEOPT PACKING pc=0x00000220fbafad9c sp=0x0000008a836febb0
Event: 116.228 Thread 0x000002208bad4840 DEOPT UNPACKING pc=0x00000220fb0d88e2 sp=0x0000008a836fe0a0 mode 1
Event: 116.228 Thread 0x000002208bad4840 DEOPT PACKING pc=0x00000220fbb7dc74 sp=0x0000008a836fed50
Event: 116.228 Thread 0x000002208bad4840 DEOPT UNPACKING pc=0x00000220fb0d88e2 sp=0x0000008a836fe240 mode 1

Classes loaded (20 events):
Event: 29.957 Loading class java/util/concurrent/CompletableFuture$Completion
Event: 29.957 Loading class java/util/concurrent/CompletableFuture$AsynchronousCompletionTask
Event: 29.959 Loading class java/util/concurrent/CompletableFuture$AsynchronousCompletionTask done
Event: 29.959 Loading class java/util/concurrent/ForkJoinTask
Event: 29.960 Loading class java/util/concurrent/ForkJoinTask done
Event: 29.960 Loading class java/util/concurrent/CompletableFuture$Completion done
Event: 30.081 Loading class java/util/concurrent/CancellationException
Event: 30.081 Loading class java/util/concurrent/CancellationException done
Event: 30.643 Loading class java/util/ArrayList$ListItr
Event: 30.643 Loading class java/util/ArrayList$ListItr done
Event: 30.810 Loading class java/util/AbstractList$SubList
Event: 30.811 Loading class java/util/AbstractList$SubList done
Event: 30.855 Loading class java/lang/reflect/AnnotatedArrayType
Event: 30.856 Loading class java/lang/reflect/AnnotatedArrayType done
Event: 30.947 Loading class java/lang/foreign/ValueLayout
Event: 30.947 Loading class java/lang/foreign/MemoryLayout
Event: 30.948 Loading class java/lang/foreign/MemoryLayout done
Event: 30.948 Loading class java/lang/foreign/ValueLayout done
Event: 31.100 Loading class java/lang/reflect/AnnotatedParameterizedType
Event: 31.100 Loading class java/lang/reflect/AnnotatedParameterizedType done

Classes unloaded (20 events):
Event: 83.073 Thread 0x00000220f5a4de10 Unloading class 0x0000000800188000 'jdk/internal/reflect/GeneratedSerializationConstructorAccessor6'
Event: 83.073 Thread 0x00000220f5a4de10 Unloading class 0x0000000800182c00 'jdk/internal/reflect/GeneratedSerializationConstructorAccessor5'
Event: 83.073 Thread 0x00000220f5a4de10 Unloading class 0x0000000800182800 'jdk/internal/reflect/GeneratedSerializationConstructorAccessor4'
Event: 83.073 Thread 0x00000220f5a4de10 Unloading class 0x000000080014b000 'java/lang/invoke/LambdaForm$MH+0x000000080014b000'
Event: 83.073 Thread 0x00000220f5a4de10 Unloading class 0x000000080014ac00 'java/lang/invoke/LambdaForm$MH+0x000000080014ac00'
Event: 83.073 Thread 0x00000220f5a4de10 Unloading class 0x000000080014a400 'jdk/internal/reflect/GeneratedSerializationConstructorAccessor3'
Event: 83.073 Thread 0x00000220f5a4de10 Unloading class 0x000000080014a000 'jdk/internal/reflect/GeneratedSerializationConstructorAccessor2'
Event: 83.073 Thread 0x00000220f5a4de10 Unloading class 0x0000000800149c00 'jdk/internal/reflect/GeneratedSerializationConstructorAccessor1'
Event: 83.073 Thread 0x00000220f5a4de10 Unloading class 0x0000000800148c00 'java/lang/invoke/LambdaForm$DMH+0x0000000800148c00'
Event: 83.073 Thread 0x00000220f5a4de10 Unloading class 0x0000000800148400 'java/lang/invoke/LambdaForm$DMH+0x0000000800148400'
Event: 83.073 Thread 0x00000220f5a4de10 Unloading class 0x0000000800147c00 'java/lang/invoke/LambdaForm$MH+0x0000000800147c00'
Event: 83.073 Thread 0x00000220f5a4de10 Unloading class 0x0000000800147800 'java/lang/invoke/LambdaForm$DMH+0x0000000800147800'
Event: 83.073 Thread 0x00000220f5a4de10 Unloading class 0x0000000800147400 'java/lang/invoke/LambdaForm$DMH+0x0000000800147400'
Event: 83.073 Thread 0x00000220f5a4de10 Unloading class 0x0000000800145800 'java/lang/invoke/LambdaForm$MH+0x0000000800145800'
Event: 83.073 Thread 0x00000220f5a4de10 Unloading class 0x0000000800142c00 'java/lang/invoke/LambdaForm$MH+0x0000000800142c00'
Event: 83.073 Thread 0x00000220f5a4de10 Unloading class 0x0000000800142800 'java/lang/invoke/LambdaForm$MH+0x0000000800142800'
Event: 83.073 Thread 0x00000220f5a4de10 Unloading class 0x00000008000c4000 'java/lang/invoke/LambdaForm$MH+0x00000008000c4000'
Event: 83.073 Thread 0x00000220f5a4de10 Unloading class 0x00000008000c3c00 'java/lang/invoke/LambdaForm$MH+0x00000008000c3c00'
Event: 83.073 Thread 0x00000220f5a4de10 Unloading class 0x00000008000c3800 'java/lang/invoke/LambdaForm$MH+0x00000008000c3800'
Event: 83.073 Thread 0x00000220f5a4de10 Unloading class 0x00000008000c3400 'java/lang/invoke/LambdaForm$MH+0x00000008000c3400'

Classes redefined (0 events):
No events

Internal exceptions (20 events):
Event: 31.180 Thread 0x00000220f74eb3a0 Exception <a 'java/lang/NoSuchMethodError'{0x00000007fe286f88}: 'void java.lang.invoke.DirectMethodHandle$Holder.invokeStaticInit(java.lang.Object, int, java.lang.Object, java.lang.Object, java.lang.Object, java.lang.Object)'> (0x00000007fe286f88) 
thrown [s\src\hotspot\share\interpreter\linkResolver.cpp, line 773]
Event: 31.265 Thread 0x00000220f74eb3a0 Exception <a 'java/lang/NoSuchMethodError'{0x000000071b130bd0}: 'long java.lang.invoke.DelegatingMethodHandle$Holder.reinvoke_L(java.lang.Object, java.lang.Object)'> (0x000000071b130bd0) 
thrown [s\src\hotspot\share\interpreter\linkResolver.cpp, line 773]
Event: 31.267 Thread 0x00000220f74eb3a0 Exception <a 'java/lang/NoSuchMethodError'{0x000000071b13a9e8}: 'void java.lang.invoke.DelegatingMethodHandle$Holder.reinvoke_L(java.lang.Object, java.lang.Object, long)'> (0x000000071b13a9e8) 
thrown [s\src\hotspot\share\interpreter\linkResolver.cpp, line 773]
Event: 31.267 Thread 0x00000220f74eb3a0 Exception <a 'java/lang/NoSuchMethodError'{0x000000071b141328}: 'long java.lang.invoke.Invokers$Holder.invokeExact_MT(java.lang.Object, java.lang.Object, java.lang.Object)'> (0x000000071b141328) 
thrown [s\src\hotspot\share\interpreter\linkResolver.cpp, line 773]
Event: 31.299 Thread 0x00000220f74eb3a0 Exception <a 'java/lang/NoSuchMethodError'{0x000000071ae64e98}: 'int java.lang.invoke.DirectMethodHandle$Holder.invokeStatic(java.lang.Object, java.lang.Object, java.lang.Object, java.lang.Object, java.lang.Object)'> (0x000000071ae64e98) 
thrown [s\src\hotspot\share\interpreter\linkResolver.cpp, line 773]
Event: 31.348 Thread 0x00000220f74eb3a0 Exception <a 'java/lang/NoSuchMethodError'{0x000000071ac25328}: 'java.lang.Object java.lang.invoke.DirectMethodHandle$Holder.newInvokeSpecial(java.lang.Object, java.lang.Object, int, java.lang.Object)'> (0x000000071ac25328) 
thrown [s\src\hotspot\share\interpreter\linkResolver.cpp, line 773]
Event: 31.348 Thread 0x00000220f74eb3a0 Exception <a 'java/lang/NoSuchMethodError'{0x000000071ac28cf8}: 'java.lang.Object java.lang.invoke.Invokers$Holder.linkToTargetMethod(java.lang.Object, int, java.lang.Object, java.lang.Object)'> (0x000000071ac28cf8) 
thrown [s\src\hotspot\share\interpreter\linkResolver.cpp, line 773]
Event: 31.388 Thread 0x00000220f74eb3a0 Exception <a 'java/lang/NoSuchMethodError'{0x000000071adca1d8}: 'void java.lang.invoke.DirectMethodHandle$Holder.invokeSpecial(java.lang.Object, java.lang.Object, java.lang.Object, java.lang.Object, java.lang.Object, java.lang.Object, java.lang.Object, java.lang.Object)'> (0x000000071adca1d8) 
thrown [s\src\hotspot\share\interpreter\linkResolver.cpp, line 773]
Event: 31.400 Thread 0x00000220f74eb3a0 Exception <a 'java/lang/NoSuchMethodError'{0x000000071aa6a1f8}: 'void java.lang.invoke.DirectMethodHandle$Holder.invokeSpecial(java.lang.Object, java.lang.Object, int, java.lang.Object)'> (0x000000071aa6a1f8) 
thrown [s\src\hotspot\share\interpreter\linkResolver.cpp, line 773]
Event: 31.401 Thread 0x00000220f74eb3a0 Exception <a 'java/lang/IncompatibleClassChangeError'{0x000000071aa708a0}: Found class java.lang.Object, but interface was expected> (0x000000071aa708a0) 
thrown [s\src\hotspot\share\interpreter\linkResolver.cpp, line 840]
Event: 31.486 Thread 0x00000220f74eb3a0 Exception <a 'java/lang/NoSuchMethodError'{0x000000071a7572b0}: 'java.lang.Object java.lang.invoke.DirectMethodHandle$Holder.newInvokeSpecial(java.lang.Object, java.lang.Object, java.lang.Object, java.lang.Object, java.lang.Object, int, java.lang.Object)'> (0x000000071a7572b0) 
thrown [s\src\hotspot\share\interpreter\linkResolver.cpp, line 773]
Event: 31.494 Thread 0x00000220f74eb3a0 Exception <a 'java/lang/NoSuchMethodError'{0x000000071a7b9ff0}: 'java.lang.Object java.lang.invoke.DirectMethodHandle$Holder.newInvokeSpecial(java.lang.Object, java.lang.Object, java.lang.Object, java.lang.Object, java.lang.Object, java.lang.Object, java.lang.Object, java.lang.Object, java.lang.Object, java.lang.Object, java.lang.Object, java.lang.Object)'> (0x000000071a7b9ff0) 
thrown [s\src\hotspot\share\interpreter\linkResolver.cpp, line 773]
Event: 31.495 Thread 0x00000220f74eb3a0 Exception <a 'java/lang/NoSuchMethodError'{0x000000071a7be918}: 'java.lang.Object java.lang.invoke.DirectMethodHandle$Holder.invokeSpecial(java.lang.Object, java.lang.Object, java.lang.Object, java.lang.Object, java.lang.Object, java.lang.Object, java.lang.Object, java.lang.Object, java.lang.Object, java.lang.Object, java.lang.Object, java.lang.Object, java.lang.Object)'> (0x000000071a7be918) 
thrown [s\src\hotspot\share\interpreter\linkResolver.cpp, line 773]
Event: 31.495 Thread 0x00000220f74eb3a0 Exception <a 'java/lang/NoSuchMethodError'{0x000000071a7c2e00}: 'java.lang.Object java.lang.invoke.Invokers$Holder.linkToTargetMethod(java.lang.Object, java.lang.Object, java.lang.Object, java.lang.Object, java.lang.Object, java.lang.Object, java.lang.Object, java.lang.Object, java.lang.Object, java.lang.Object, java.lang.Object, java.lang.Object)'> (0x000000071a7c2e00) 
thrown [s\src\hotspot\share\interpreter\linkResolver.cpp, line 773]
Event: 31.562 Thread 0x00000220f74eb3a0 Exception <a 'java/lang/IncompatibleClassChangeError'{0x000000071a001da0}: Found class java.lang.Object, but interface was expected> (0x000000071a001da0) 
thrown [s\src\hotspot\share\interpreter\linkResolver.cpp, line 840]
Event: 31.594 Thread 0x00000220f74eb3a0 Exception <a 'java/lang/NoSuchMethodError'{0x000000071a145d18}: 'java.lang.Object java.lang.invoke.DirectMethodHandle$Holder.newInvokeSpecial(java.lang.Object, java.lang.Object, java.lang.Object, java.lang.Object, java.lang.Object, java.lang.Object, java.lang.Object, int)'> (0x000000071a145d18) 
thrown [s\src\hotspot\share\interpreter\linkResolver.cpp, line 773]
Event: 31.594 Thread 0x00000220f74eb3a0 Exception <a 'java/lang/NoSuchMethodError'{0x000000071a14a358}: 'java.lang.Object java.lang.invoke.DirectMethodHandle$Holder.invokeSpecial(java.lang.Object, java.lang.Object, java.lang.Object, java.lang.Object, java.lang.Object, java.lang.Object, java.lang.Object, java.lang.Object, int)'> (0x000000071a14a358) 
thrown [s\src\hotspot\share\interpreter\linkResolver.cpp, line 773]
Event: 31.595 Thread 0x00000220f74eb3a0 Exception <a 'java/lang/NoSuchMethodError'{0x000000071a14e380}: 'java.lang.Object java.lang.invoke.Invokers$Holder.linkToTargetMethod(java.lang.Object, java.lang.Object, java.lang.Object, java.lang.Object, java.lang.Object, java.lang.Object, int, java.lang.Object)'> (0x000000071a14e380) 
thrown [s\src\hotspot\share\interpreter\linkResolver.cpp, line 773]
Event: 31.657 Thread 0x00000220f74eb3a0 Exception <a 'java/lang/NoSuchMethodError'{0x0000000719c09ba0}: 'void java.lang.invoke.DirectMethodHandle$Holder.invokeInterface(java.lang.Object, java.lang.Object)'> (0x0000000719c09ba0) 
thrown [s\src\hotspot\share\interpreter\linkResolver.cpp, line 773]
Event: 31.669 Thread 0x00000220f74eb3a0 Exception <a 'java/lang/NoSuchMethodError'{0x0000000719c86798}: 'java.lang.Object java.lang.invoke.DirectMethodHandle$Holder.newInvokeSpecial(java.lang.Object, java.lang.Object, int, java.lang.Object, int, java.lang.Object, java.lang.Object)'> (0x0000000719c86798) 
thrown [s\src\hotspot\share\interpreter\linkResolver.cpp, line 773]

ZGC Phase Switch (0 events):
No events

VM Operations (20 events):
Event: 84.931 Executing VM operation: G1CollectForAllocation (G1 Evacuation Pause) done
Event: 89.998 Executing VM operation: G1CollectForAllocation (G1 Evacuation Pause)
Event: 90.086 Executing VM operation: G1CollectForAllocation (G1 Evacuation Pause) done
Event: 93.666 Executing VM operation: G1CollectForAllocation (G1 Evacuation Pause)
Event: 93.742 Executing VM operation: G1CollectForAllocation (G1 Evacuation Pause) done
Event: 95.918 Executing VM operation: G1CollectForAllocation (G1 Evacuation Pause)
Event: 95.965 Executing VM operation: G1CollectForAllocation (G1 Evacuation Pause) done
Event: 96.917 Executing VM operation: G1PauseRemark
Event: 96.931 Executing VM operation: G1PauseRemark done
Event: 97.416 Executing VM operation: G1PauseCleanup
Event: 97.416 Executing VM operation: G1PauseCleanup done
Event: 99.217 Executing VM operation: G1CollectForAllocation (G1 Evacuation Pause)
Event: 99.273 Executing VM operation: G1CollectForAllocation (G1 Evacuation Pause) done
Event: 106.460 Executing VM operation: G1CollectForAllocation (G1 Evacuation Pause)
Event: 106.600 Executing VM operation: G1CollectForAllocation (G1 Evacuation Pause) done
Event: 112.304 Executing VM operation: G1CollectForAllocation (G1 Evacuation Pause)
Event: 112.401 Executing VM operation: G1CollectForAllocation (G1 Evacuation Pause) done
Event: 115.234 Executing VM operation: G1CollectForAllocation (G1 Evacuation Pause)
Event: 115.300 Executing VM operation: G1CollectForAllocation (G1 Evacuation Pause) done
Event: 116.505 Executing VM operation: G1PauseRemark

Memory protections (0 events):
No events

Nmethod flushes (20 events):
Event: 116.518 Thread 0x00000220f5a4de10 flushing  nmethod 0x00000220fbe12710
Event: 116.518 Thread 0x00000220f5a4de10 flushing  nmethod 0x00000220fbe12a10
Event: 116.518 Thread 0x00000220f5a4de10 flushing  nmethod 0x00000220fbe12d10
Event: 116.518 Thread 0x00000220f5a4de10 flushing  nmethod 0x00000220fbe13010
Event: 116.518 Thread 0x00000220f5a4de10 flushing  nmethod 0x00000220fbe15010
Event: 116.518 Thread 0x00000220f5a4de10 flushing  nmethod 0x00000220fbe2ee10
Event: 116.518 Thread 0x00000220f5a4de10 flushing  nmethod 0x00000220fbe2f110
Event: 116.518 Thread 0x00000220f5a4de10 flushing  nmethod 0x00000220fbe2f490
Event: 116.518 Thread 0x00000220f5a4de10 flushing  nmethod 0x00000220fbe2fa10
Event: 116.518 Thread 0x00000220f5a4de10 flushing  nmethod 0x00000220fbe30010
Event: 116.518 Thread 0x00000220f5a4de10 flushing  nmethod 0x00000220fbe30310
Event: 116.518 Thread 0x00000220f5a4de10 flushing  nmethod 0x00000220fbe30910
Event: 116.518 Thread 0x00000220f5a4de10 flushing  nmethod 0x00000220fbe30f10
Event: 116.518 Thread 0x00000220f5a4de10 flushing  nmethod 0x00000220fbe31390
Event: 116.518 Thread 0x00000220f5a4de10 flushing  nmethod 0x00000220fbe31790
Event: 116.518 Thread 0x00000220f5a4de10 flushing  nmethod 0x00000220fbe31e10
Event: 116.518 Thread 0x00000220f5a4de10 flushing  nmethod 0x00000220fbe32410
Event: 116.518 Thread 0x00000220f5a4de10 flushing  nmethod 0x00000220fbe32790
Event: 116.518 Thread 0x00000220f5a4de10 flushing  nmethod 0x00000220fbe32a90
Event: 116.518 Thread 0x00000220f5a4de10 flushing  nmethod 0x00000220fbe35490

Events (20 events):
Event: 14.164 Thread 0x000002208642c980 Thread added: 0x000002208bd13280
Event: 14.164 Thread 0x000002208642c980 Thread added: 0x000002208bd3d380
Event: 14.164 Thread 0x000002208642c980 Thread added: 0x000002208bd3da30
Event: 15.418 Thread 0x00000220f74eb3a0 Thread added: 0x000002208c1e6f20
Event: 15.459 Thread 0x000002208c1e6f20 Thread exited: 0x000002208c1e6f20
Event: 15.623 Thread 0x00000220f74eb3a0 Thread added: 0x000002208c2e4380
Event: 16.486 Thread 0x00000220f74eb3a0 Thread added: 0x000002208c2e7170
Event: 16.576 Thread 0x000002208c2e4380 Thread exited: 0x000002208c2e4380
Event: 16.653 Thread 0x000002208c2e7170 Thread exited: 0x000002208c2e7170
Event: 23.998 Thread 0x00000220f74eb3a0 Thread added: 0x000002208d481770
Event: 24.005 Thread 0x000002208d481770 Thread added: 0x000002208d4803c0
Event: 24.018 Thread 0x00000220f74eb3a0 Thread added: 0x000002208d47e980
Event: 26.209 Thread 0x00000220f74eb3a0 Thread added: 0x000002208d480a50
Event: 26.264 Thread 0x00000220f74eb3a0 Thread added: 0x000002208d47f6a0
Event: 26.373 Thread 0x000002208d47f6a0 Thread added: 0x000002208d47fd30
Event: 32.530 Thread 0x000002208d47fd30 Thread exited: 0x000002208d47fd30
Event: 34.126 Thread 0x000002208bd3da30 Thread exited: 0x000002208bd3da30
Event: 34.126 Thread 0x000002208bd3d380 Thread exited: 0x000002208bd3d380
Event: 38.416 Thread 0x000002208bd13280 Thread exited: 0x000002208bd13280
Event: 100.631 Thread 0x000002208baabde0 Thread exited: 0x000002208baabde0


Dynamic libraries:
0x00007ff6b2d80000 - 0x00007ff6b2d8e000 	E:\Eclipse New\eclipse\plugins\org.eclipse.justj.openjdk.hotspot.jre.full.win32.x86_64_21.0.4.v20240802-1551\jre\bin\javaw.exe
0x00007ffc73880000 - 0x00007ffc73ae3000 	C:\WINDOWS\SYSTEM32\ntdll.dll
0x00007ffc72b10000 - 0x00007ffc72bd7000 	C:\WINDOWS\System32\KERNEL32.DLL
0x00007ffc70e30000 - 0x00007ffc711f9000 	C:\WINDOWS\System32\KERNELBASE.dll
0x000000005fd80000 - 0x000000005fe1e000 	C:\ProgramData\Symantec\Symantec Endpoint Protection\14.3.12154.10000.105\Data\Sysfer\x64\sysfer.dll
0x00007ffc712a0000 - 0x00007ffc713ec000 	C:\WINDOWS\System32\ucrtbase.dll
0x00007ffc45190000 - 0x00007ffc451ab000 	E:\Eclipse New\eclipse\plugins\org.eclipse.justj.openjdk.hotspot.jre.full.win32.x86_64_21.0.4.v20240802-1551\jre\bin\VCRUNTIME140.dll
0x00007ffc473d0000 - 0x00007ffc473e8000 	E:\Eclipse New\eclipse\plugins\org.eclipse.justj.openjdk.hotspot.jre.full.win32.x86_64_21.0.4.v20240802-1551\jre\bin\jli.dll
0x00007ffc71de0000 - 0x00007ffc71faa000 	C:\WINDOWS\System32\USER32.dll
0x00007ffc70c90000 - 0x00007ffc70cb7000 	C:\WINDOWS\System32\win32u.dll
0x00007ffc4dc70000 - 0x00007ffc4df00000 	C:\WINDOWS\WinSxS\amd64_microsoft.windows.common-controls_6595b64144ccf1df_6.0.26100.3323_none_3e088096e3344490\COMCTL32.dll
0x00007ffc72c10000 - 0x00007ffc72c3a000 	C:\WINDOWS\System32\GDI32.dll
0x00007ffc714b0000 - 0x00007ffc715e1000 	C:\WINDOWS\System32\gdi32full.dll
0x00007ffc72a60000 - 0x00007ffc72b09000 	C:\WINDOWS\System32\msvcrt.dll
0x00007ffc715f0000 - 0x00007ffc71693000 	C:\WINDOWS\System32\msvcp_win.dll
0x00007ffc72a20000 - 0x00007ffc72a4f000 	C:\WINDOWS\System32\IMM32.DLL
0x00007ffc4c130000 - 0x00007ffc4c13c000 	E:\Eclipse New\eclipse\plugins\org.eclipse.justj.openjdk.hotspot.jre.full.win32.x86_64_21.0.4.v20240802-1551\jre\bin\vcruntime140_1.dll
0x00007ffc1bde0000 - 0x00007ffc1be6e000 	E:\Eclipse New\eclipse\plugins\org.eclipse.justj.openjdk.hotspot.jre.full.win32.x86_64_21.0.4.v20240802-1551\jre\bin\msvcp140.dll
0x00007ffc16f30000 - 0x00007ffc17cb8000 	E:\Eclipse New\eclipse\plugins\org.eclipse.justj.openjdk.hotspot.jre.full.win32.x86_64_21.0.4.v20240802-1551\jre\bin\server\jvm.dll
0x00007ffc72ee0000 - 0x00007ffc72f92000 	C:\WINDOWS\System32\ADVAPI32.dll
0x00007ffc72970000 - 0x00007ffc72a16000 	C:\WINDOWS\System32\sechost.dll
0x00007ffc72c40000 - 0x00007ffc72d56000 	C:\WINDOWS\System32\RPCRT4.dll
0x00007ffc737b0000 - 0x00007ffc73824000 	C:\WINDOWS\System32\WS2_32.dll
0x00007ffc70910000 - 0x00007ffc7095e000 	C:\WINDOWS\SYSTEM32\POWRPROF.dll
0x00007ffc5bad0000 - 0x00007ffc5bb06000 	C:\WINDOWS\SYSTEM32\WINMM.dll
0x00007ffc67fe0000 - 0x00007ffc67feb000 	C:\WINDOWS\SYSTEM32\VERSION.dll
0x00007ffc708f0000 - 0x00007ffc70904000 	C:\WINDOWS\SYSTEM32\UMPDC.dll
0x00007ffc6f860000 - 0x00007ffc6f87a000 	C:\WINDOWS\SYSTEM32\kernel.appcore.dll
0x00007ffc664b0000 - 0x00007ffc664ba000 	E:\Eclipse New\eclipse\plugins\org.eclipse.justj.openjdk.hotspot.jre.full.win32.x86_64_21.0.4.v20240802-1551\jre\bin\jimage.dll
0x00007ffc6e260000 - 0x00007ffc6e4a1000 	C:\WINDOWS\SYSTEM32\DBGHELP.DLL
0x00007ffc72260000 - 0x00007ffc725e2000 	C:\WINDOWS\System32\combase.dll
0x00007ffc72120000 - 0x00007ffc721f6000 	C:\WINDOWS\System32\OLEAUT32.dll
0x00007ffc4dc30000 - 0x00007ffc4dc69000 	C:\WINDOWS\SYSTEM32\dbgcore.DLL
0x00007ffc71200000 - 0x00007ffc71299000 	C:\WINDOWS\System32\bcryptPrimitives.dll
0x00007ffc47a50000 - 0x00007ffc47a8c000 	E:\Eclipse New\eclipse\plugins\org.eclipse.justj.openjdk.hotspot.jre.full.win32.x86_64_21.0.4.v20240802-1551\jre\bin\jdwp.dll
0x00007ffc69240000 - 0x00007ffc6924f000 	E:\Eclipse New\eclipse\plugins\org.eclipse.justj.openjdk.hotspot.jre.full.win32.x86_64_21.0.4.v20240802-1551\jre\bin\instrument.dll
0x00007ffc2ebe0000 - 0x00007ffc2ebff000 	E:\Eclipse New\eclipse\plugins\org.eclipse.justj.openjdk.hotspot.jre.full.win32.x86_64_21.0.4.v20240802-1551\jre\bin\java.dll
0x00007ffc2ebc0000 - 0x00007ffc2ebd8000 	E:\Eclipse New\eclipse\plugins\org.eclipse.justj.openjdk.hotspot.jre.full.win32.x86_64_21.0.4.v20240802-1551\jre\bin\zip.dll
0x00007ffc73000000 - 0x00007ffc73715000 	C:\WINDOWS\System32\SHELL32.dll
0x00007ffc70cc0000 - 0x00007ffc70e28000 	C:\WINDOWS\System32\wintypes.dll
0x00007ffc6e4b0000 - 0x00007ffc6ecf5000 	C:\WINDOWS\SYSTEM32\windows.storage.dll
0x00007ffc71fb0000 - 0x00007ffc7209b000 	C:\WINDOWS\System32\SHCORE.dll
0x00007ffc72fa0000 - 0x00007ffc72ffd000 	C:\WINDOWS\System32\shlwapi.dll
0x00007ffc70990000 - 0x00007ffc709bf000 	C:\WINDOWS\SYSTEM32\profapi.dll
0x00007ffc69230000 - 0x00007ffc6923b000 	E:\Eclipse New\eclipse\plugins\org.eclipse.justj.openjdk.hotspot.jre.full.win32.x86_64_21.0.4.v20240802-1551\jre\bin\dt_socket.dll
0x00007ffc6f010000 - 0x00007ffc6f043000 	C:\WINDOWS\SYSTEM32\IPHLPAPI.DLL
0x00007ffc6fd60000 - 0x00007ffc6fdca000 	C:\WINDOWS\system32\mswsock.dll
0x00007ffc6f050000 - 0x00007ffc6f175000 	C:\WINDOWS\SYSTEM32\DNSAPI.dll
0x00007ffc73830000 - 0x00007ffc7383a000 	C:\WINDOWS\System32\NSI.dll
0x00007ffc6b310000 - 0x00007ffc6b31b000 	C:\Windows\System32\rasadhlp.dll
0x00007ffc6c9e0000 - 0x00007ffc6ca65000 	C:\WINDOWS\System32\fwpuclnt.dll
0x00007ffc664a0000 - 0x00007ffc664b0000 	E:\Eclipse New\eclipse\plugins\org.eclipse.justj.openjdk.hotspot.jre.full.win32.x86_64_21.0.4.v20240802-1551\jre\bin\net.dll
0x00007ffc6c100000 - 0x00007ffc6c21e000 	C:\WINDOWS\SYSTEM32\WINHTTP.dll
0x00007ffc39180000 - 0x00007ffc39196000 	E:\Eclipse New\eclipse\plugins\org.eclipse.justj.openjdk.hotspot.jre.full.win32.x86_64_21.0.4.v20240802-1551\jre\bin\nio.dll
0x00007ffc694d0000 - 0x00007ffc694da000 	E:\Eclipse New\eclipse\plugins\org.eclipse.justj.openjdk.hotspot.jre.full.win32.x86_64_21.0.4.v20240802-1551\jre\bin\management.dll
0x00007ffc69200000 - 0x00007ffc6920b000 	E:\Eclipse New\eclipse\plugins\org.eclipse.justj.openjdk.hotspot.jre.full.win32.x86_64_21.0.4.v20240802-1551\jre\bin\management_ext.dll
0x00007ffc720f0000 - 0x00007ffc720f8000 	C:\WINDOWS\System32\PSAPI.DLL
0x00007ffc4cb10000 - 0x00007ffc4cb28000 	C:\WINDOWS\system32\napinsp.dll
0x00007ffc4ccd0000 - 0x00007ffc4cce2000 	C:\WINDOWS\System32\winrnr.dll
0x00007ffc4ccf0000 - 0x00007ffc4cd12000 	C:\WINDOWS\system32\nlansp_c.dll
0x00007ffc4cd20000 - 0x00007ffc4cd36000 	C:\WINDOWS\system32\wshbth.dll
0x00007ffc70110000 - 0x00007ffc7012c000 	C:\WINDOWS\SYSTEM32\CRYPTSP.dll
0x00007ffc6f7c0000 - 0x00007ffc6f7fa000 	C:\WINDOWS\system32\rsaenh.dll
0x00007ffc6fe00000 - 0x00007ffc6fe2b000 	C:\WINDOWS\SYSTEM32\USERENV.dll
0x00007ffc702a0000 - 0x00007ffc702c6000 	C:\WINDOWS\SYSTEM32\bcrypt.dll
0x00007ffc700f0000 - 0x00007ffc700fc000 	C:\WINDOWS\SYSTEM32\CRYPTBASE.dll
0x00007ffc6cff0000 - 0x00007ffc6cff9000 	E:\Eclipse New\eclipse\plugins\org.eclipse.justj.openjdk.hotspot.jre.full.win32.x86_64_21.0.4.v20240802-1551\jre\bin\extnet.dll
0x00007ffc5df80000 - 0x00007ffc5df90000 	E:\Eclipse New\eclipse\plugins\org.eclipse.justj.openjdk.hotspot.jre.full.win32.x86_64_21.0.4.v20240802-1551\jre\bin\verify.dll
0x00007ffc6c050000 - 0x00007ffc6c05e000 	E:\Eclipse New\eclipse\plugins\org.eclipse.justj.openjdk.hotspot.jre.full.win32.x86_64_21.0.4.v20240802-1551\jre\bin\sunmscapi.dll
0x00007ffc70b10000 - 0x00007ffc70c87000 	C:\WINDOWS\System32\CRYPT32.dll
0x00007ffc70260000 - 0x00007ffc70290000 	C:\WINDOWS\SYSTEM32\ncrypt.dll
0x00007ffc70210000 - 0x00007ffc7024f000 	C:\WINDOWS\SYSTEM32\NTASN1.dll

dbghelp: loaded successfully - version: 4.0.5 - missing functions: none
symbol engine: initialized successfully - sym options: 0x614 - pdb path: .;E:\Eclipse New\eclipse\plugins\org.eclipse.justj.openjdk.hotspot.jre.full.win32.x86_64_21.0.4.v20240802-1551\jre\bin;C:\WINDOWS\SYSTEM32;C:\ProgramData\Symantec\Symantec Endpoint Protection\14.3.12154.10000.105\Data\Sysfer\x64;C:\WINDOWS\WinSxS\amd64_microsoft.windows.common-controls_6595b64144ccf1df_6.0.26100.3323_none_3e088096e3344490;E:\Eclipse New\eclipse\plugins\org.eclipse.justj.openjdk.hotspot.jre.full.win32.x86_64_21.0.4.v20240802-1551\jre\bin\server

VM Arguments:
jvm_args: -XX:+ShowCodeDetailsInExceptionMessages -agentlib:jdwp=transport=dt_socket,suspend=y,address=localhost:52483 -Dcom.sun.management.jmxremote -Dcom.sun.management.jmxremote.port=52459 -Dcom.sun.management.jmxremote.authenticate=false -Dcom.sun.management.jmxremote.ssl=false -Djava.rmi.server.hostname=localhost -Dspring.jmx.enabled=true -Dmanagement.endpoints.jmx.exposure.include=* -Dspring.application.admin.enabled=true -XX:TieredStopAtLevel=1 -Dspring.boot.project.name=ProgrammingTechie_Order-Service -javaagent:E:\Eclipse New\eclipse\configuration\org.eclipse.osgi\2017\0\.cp\lib\javaagent-shaded.jar -Dfile.encoding=UTF-8 -Dstdout.encoding=UTF-8 -Dstderr.encoding=UTF-8 
java_command: com.programmingtechie.orderservice.ProgrammingTechieOrderServiceApplication --spring.output.ansi.enabled=always
java_class_path (initial): E:\SPRING_BOOT\ProgrammingTechie_Order-Service\target\classes;C:\Users\kart2921\.m2\repository\org\springframework\boot\spring-boot-starter-web\3.4.0\spring-boot-starter-web-3.4.0.jar;C:\Users\kart2921\.m2\repository\org\springframework\boot\spring-boot-starter\3.4.0\spring-boot-starter-3.4.0.jar;C:\Users\kart2921\.m2\repository\org\springframework\boot\spring-boot\3.4.0\spring-boot-3.4.0.jar;C:\Users\kart2921\.m2\repository\org\springframework\boot\spring-boot-autoconfigure\3.4.0\spring-boot-autoconfigure-3.4.0.jar;C:\Users\kart2921\.m2\repository\org\springframework\boot\spring-boot-starter-logging\3.4.0\spring-boot-starter-logging-3.4.0.jar;C:\Users\kart2921\.m2\repository\ch\qos\logback\logback-classic\1.5.12\logback-classic-1.5.12.jar;C:\Users\kart2921\.m2\repository\ch\qos\logback\logback-core\1.5.12\logback-core-1.5.12.jar;C:\Users\kart2921\.m2\repository\org\apache\logging\log4j\log4j-to-slf4j\2.24.1\log4j-to-slf4j-2.24.1.jar;C:\Users\kart2921\.m2\repository\org\apache\logging\log4j\log4j-api\2.24.1\log4j-api-2.24.1.jar;C:\Users\kart2921\.m2\repository\org\slf4j\jul-to-slf4j\2.0.16\jul-to-slf4j-2.0.16.jar;C:\Users\kart2921\.m2\repository\jakarta\annotation\jakarta.annotation-api\2.1.1\jakarta.annotation-api-2.1.1.jar;C:\Users\kart2921\.m2\repository\org\yaml\snakeyaml\2.3\snakeyaml-2.3.jar;C:\Users\kart2921\.m2\repository\org\springframework\boot\spring-boot-starter-json\3.4.0\spring-boot-starter-json-3.4.0.jar;C:\Users\kart2921\.m2\repository\com\fasterxml\jackson\core\jackson-databind\2.18.1\jackson-databind-2.18.1.jar;C:\Users\kart2921\.m2\repository\com\fasterxml\jackson\datatype\jackson-datatype-jdk8\2.18.1\jackson-datatype-jdk8-2.18.1.jar;C:\Users\kart2921\.m2\repository\com\fasterxml\jackson\datatype\jackson-datatype-jsr310\2.18.1\jackson-datatype-jsr310-2.18.1.jar;C:\Users\kart2921\.m2\repository\com\fasterxml\jackson\module\jackson-module-parameter-names\2.18.1\jackson-module-parameter-names-2.18.1.jar;C:\Users\kart2921\.m2\repository\org\springframework\boot\spring-boot-starter-tomcat\3.4.0\spring-boot-starter-tomcat-3.4.0.jar;C:\Users\kart2921\.m2\repository\org\apache\tomcat\embed\tomcat-embed-core\10.1.33\tomcat-embed-core-10.1.33.jar;C:\Users\kart2921\.m2\repository\org\apache\tomcat\embed\tomcat-embed-el\10.1.33\tomcat-embed-el-10.1.33.jar;C:\Users\kart2921\.m2\repository\org\apache\tomcat\embed\tomcat-embed-websocket\10.1.33\tomcat-embed-websocket-10.1.33.jar;C:\Users\kart2921\.m2\repository\org\springframework\spring-web\6.2.0\spring-web-6.2.0.jar;C:\Users\kart2921\.m2\repository\org\springframework\spring-beans\6.2.0\spring-beans-6.2.0.jar;C:\Users\kart2921\.m2\repository\org\springframework\spring-webmvc\6.2.0\spring-webmvc-6.2.0.jar;C:\Users\kart2921\.m2\repository\org\springframework\spring-aop\6.2.0\spring-aop-6.2.0.jar;C:\Users\kart2921\.m2\repository\org\springframework\spring-context\6.2.0\spring-context-6.2.0.jar;C:\Users\kart2921\.m2\repository\org\springframework\spring-expression\6.2.0\spring-expression-6.2.0.jar;C:\Users\kart2921\.m2\repository\org\springframework\boot\spring-boot-starter-webflux\3.4.0\spring-boot-starter-webflux-3.4.0.jar;C:\Users\kart2921\.m2\repository\org\springframework\boot\spring-boot-starter-reactor-netty\3.4.0\spring-boot-starter-reactor-netty-3.4.0.jar;C:\Users\kart2921\.m2\repository\io\projectreactor\netty\reactor-netty-http\1.2.0\reactor-netty-http-1.2.0.jar;C:\Users\kart2921\.m2\repository\io\netty\netty-codec-http\4.1.115.Final\netty-codec-http-4.1.115.Final.jar;C:\Users\kart2921\.m2\repository\io\netty\netty-common\4.1.115.Final\netty-common-4.1.115.Final.jar;C:\Users\kart2921\.m2\repository\io\netty\netty-buffer\4.1.115.Final\netty-buffer-4.1.115.Final.jar;C:\Users\kart2921\.m2\repository\io\netty\netty-transport\4.1.115.Final\netty-transport-4.1.115.Final.jar;C:\Users\kart2921\.m2\repository\io\netty\netty-codec\4.1.115.Final\netty-codec-4.1.115.Final.jar;C:\Users\kart2921\.m2\repository\io\netty\netty-handler\4.1.115.Final\netty-handler-4.1.115.Final.jar;C:\Users\kart2921\.m2\repository\io\netty\netty-codec-http2\4.1.115.Final\netty-codec-http2-4.1.115.Final.jar;C:\Users\kart2921\.m2\repository\io\netty\netty-resolver-dns\4.1.115.Final\netty-resolver-dns-4.1.115.Final.jar;C:\Users\kart2921\.m2\repository\io\netty\netty-resolver\4.1.115.Final\netty-resolver-4.1.115.Final.jar;C:\Users\kart2921\.m2\repository\io\netty\netty-codec-dns\4.1.115.Final\netty-codec-dns-4.1.115.Final.jar;C:\Users\kart2921\.m2\repository\io\netty\netty-resolver-dns-native-macos\4.1.115.Final\netty-resolver-dns-native-macos-4.1.115.Final-osx-x86_64.jar;C:\Users\kart2921\.m2\repository\io\netty\netty-resolver-dns-classes-macos\4.1.115.Final\netty-resolver-dns-classes-macos-4.1.115.Final.jar;C:\Users\kart2921\.m2\repository\io\netty\netty-transport-native-epoll\4.1.115.Final\netty-transport-native-epoll-4.1.115.Final-linux-x86_64.jar;C:\Users\kart2921\.m2\repository\io\netty\netty-transport-native-unix-common\4.1.115.Final\netty-transport-native-unix-common-4.1.115.Final.jar;C:\Users\kart2921\.m2\repository\io\netty\netty-transport-classes-epoll\4.1.115.Final\netty-transport-classes-epoll-4.1.115.Final.jar;C:\Users\kart2921\.m2\repository\io\projectreactor\netty\reactor-netty-core\1.2.0\reactor-netty-core-1.2.0.jar;C:\Users\kart2921\.m2\repository\io\netty\netty-handler-proxy\4.1.115.Final\netty-handler-proxy-4.1.115.Final.jar;C:\Users\kart2921\.m2\repository\io\netty\netty-codec-socks\4.1.115.Final\netty-codec-socks-4.1.115.Final.jar;C:\Users\kart2921\.m2\repository\org\springframework\spring-webflux\6.2.0\spring-webflux-6.2.0.jar;C:\Users\kart2921\.m2\repository\io\projectreactor\reactor-core\3.7.0\reactor-core-3.7.0.jar;C:\Users\kart2921\.m2\repository\org\reactivestreams\reactive-streams\1.0.4\reactive-streams-1.0.4.jar;C:\Users\kart2921\.m2\repository\org\postgresql\postgresql\42.7.4\postgresql-42.7.4.jar;C:\Users\kart2921\.m2\repository\org\checkerframework\checker-qual\3.42.0\checker-qual-3.42.0.jar;C:\Users\kart2921\.m2\repository\org\slf4j\slf4j-api\2.0.16\slf4j-api-2.0.16.jar;C:\Users\kart2921\.m2\repository\jakarta\xml\bind\jakarta.xml.bind-api\4.0.2\jakarta.xml.bind-api-4.0.2.jar;C:\Users\kart2921\.m2\repository\jakarta\activation\jakarta.activation-api\2.1.3\jakarta.activation-api-2.1.3.jar;C:\Users\kart2921\.m2\repository\net\bytebuddy\byte-buddy\1.15.10\byte-buddy-1.15.10.jar;C:\Users\kart2921\.m2\repository\org\springframework\spring-core\6.2.0\spring-core-6.2.0.jar;C:\Users\kart2921\.m2\repository\org\springframework\spring-jcl\6.2.0\spring-jcl-6.2.0.jar;C:\Users\kart2921\.m2\repository\org\springframework\boot\spring-boot-starter-data-jpa\3.4.0\spring-boot-starter-data-jpa-3.4.0.jar;C:\Users\kart2921\.m2\repository\org\springframework\boot\spring-boot-starter-jdbc\3.4.0\spring-boot-starter-jdbc-3.4.0.jar;C:\Users\kart2921\.m2\repository\com\zaxxer\HikariCP\5.1.0\HikariCP-5.1.0.jar;C:\Users\kart2921\.m2\repository\org\springframework\spring-jdbc\6.2.0\spring-jdbc-6.2.0.jar;C:\Users\kart2921\.m2\repository\org\hibernate\orm\hibernate-core\6.6.2.Final\hibernate-core-6.6.2.Final.jar;C:\Users\kart2921\.m2\repository\jakarta\persistence\jakarta.persistence-api\3.1.0\jakarta.persistence-api-3.1.0.jar;C:\Users\kart2921\.m2\repository\jakarta\transaction\jakarta.transaction-api\2.0.1\jakarta.transaction-api-2.0.1.jar;C:\Users\kart2921\.m2\repository\org\jboss\logging\jboss-logging\3.6.1.Final\jboss-logging-3.6.1.Final.jar;C:\Users\kart2921\.m2\repository\org\hibernate\common\hibernate-commons-annotations\7.0.3.Final\hibernate-commons-annotations-7.0.3.Final.jar;C:\Users\kart2921\.m2\repository\io\smallrye\jandex\3.2.0\jandex-3.2.0.jar;C:\Users\kart2921\.m2\repository\com\fasterxml\classmate\1.7.0\classmate-1.7.0.jar;C:\Users\kart2921\.m2\repository\org\glassfish\jaxb\jaxb-runtime\4.0.5\jaxb-runtime-4.0.5.jar;C:\Users\kart2921\.m2\repository\org\glassfish\jaxb\jaxb-core\4.0.5\jaxb-core-4.0.5.jar;C:\Users\kart2921\.m2\repository\org\eclipse\angus\angus-activation\2.0.2\angus-activation-2.0.2.jar;C:\Users\kart2921\.m2\repository\org\glassfish\jaxb\txw2\4.0.5\txw2-4.0.5.jar;C:\Users\kart2921\.m2\repository\com\sun\istack\istack-commons-runtime\4.1.2\istack-commons-runtime-4.1.2.jar;C:\Users\kart2921\.m2\repository\jakarta\inject\jakarta.inject-api\2.0.1\jakarta.inject-api-2.0.1.jar;C:\Users\kart2921\.m2\repository\org\antlr\antlr4-runtime\4.13.0\antlr4-runtime-4.13.0.jar;C:\Users\kart2921\.m2\repository\org\springframework\data\spring-data-jpa\3.4.0\spring-data-jpa-3.4.0.jar;C:\Users\kart2921\.m2\repository\org\springframework\data\spring-data-commons\3.4.0\spring-data-commons-3.4.0.jar;C:\Users\kart2921\.m2\repository\org\springframework\spring-orm\6.2.0\spring-orm-6.2.0.jar;C:\Users\kart2921\.m2\repository\org\springframework\spring-tx\6.2.0\spring-tx-6.2.0.jar;C:\Users\kart2921\.m2\repository\org\springframework\spring-aspects\6.2.0\spring-aspects-6.2.0.jar;C:\Users\kart2921\.m2\repository\org\aspectj\aspectjweaver\1.9.22.1\aspectjweaver-1.9.22.1.jar;C:\Users\kart2921\.m2\repository\org\springframework\cloud\spring-cloud-starter-netflix-eureka-client\4.2.0\spring-cloud-starter-netflix-eureka-client-4.2.0.jar;C:\Users\kart2921\.m2\repository\org\springframework\cloud\spring-cloud-starter\4.2.0\spring-cloud-starter-4.2.0.jar;C:\Users\kart2921\.m2\repository\org\springframework\cloud\spring-cloud-context\4.2.0\spring-cloud-context-4.2.0.jar;C:\Users\kart2921\.m2\repository\org\bouncycastle\bcprov-jdk18on\1.78.1\bcprov-jdk18on-1.78.1.jar;C:\Users\kart2921\.m2\repository\org\springframework\cloud\spring-cloud-netflix-eureka-client\4.2.0\spring-cloud-netflix-eureka-client-4.2.0.jar;C:\Users\kart2921\.m2\repository\org\apache\httpcomponents\client5\httpclient5\5.4.1\httpclient5-5.4.1.jar;C:\Users\kart2921\.m2\repository\org\apache\httpcomponents\core5\httpcore5\5.3.1\httpcore5-5.3.1.jar;C:\Users\kart2921\.m2\repository\org\apache\httpcomponents\core5\httpcore5-h2\5.3.1\httpcore5-h2-5.3.1.jar;C:\Users\kart2921\.m2\repository\com\netflix\eureka\eureka-client\2.0.4\eureka-client-2.0.4.jar;C:\Users\kart2921\.m2\repository\com\thoughtworks\xstream\xstream\1.4.20\xstream-1.4.20.jar;C:\Users\kart2921\.m2\repository\io\github\x-stream\mxparser\1.2.2\mxparser-1.2.2.jar;C:\Users\kart2921\.m2\repository\xmlpull\xmlpull\1.1.3.1\xmlpull-1.1.3.1.jar;C:\Users\kart2921\.m2\repository\jakarta\ws\rs\jakarta.ws.rs-api\3.1.0\jakarta.ws.rs-api-3.1.0.jar;C:\Users\kart2921\.m2\repository\com\netflix\spectator\spectator-api\1.7.3\spectator-api-1.7.3.jar;C:\Users\kart2921\.m2\repository\org\apache\httpcomponents\httpclient\4.5.3\httpclient-4.5.3.jar;C:\Users\kart2921\.m2\repository\org\apache\httpcomponents\httpcore\4.4.16\httpcore-4.4.16.jar;C:\Users\kart2921\.m2\repository\commons-codec\commons-codec\1.17.1\commons-codec-1.17.1.jar;C:\Users\kart2921\.m2\repository\commons-configuration\commons-configuration\1.10\commons-configuration-1.10.jar;C:\Users\kart2921\.m2\repository\commons-lang\commons-lang\2.6\commons-lang-2.6.jar;C:\Users\kart2921\.m2\repository\com\fasterxml\jackson\core\jackson-annotations\2.18.1\jackson-annotations-2.18.1.jar;C:\Users\kart2921\.m2\repository\com\fasterxml\jackson\core\jackson-core\2.18.1\jackson-core-2.18.1.jar;C:\Users\kart2921\.m2\repository\com\netflix\netflix-commons\netflix-eventbus\0.3.0\netflix-eventbus-0.3.0.jar;C:\Users\kart2921\.m2\repository\com\netflix\netflix-commons\netflix-infix\0.3.0\netflix-infix-0.3.0.jar;C:\Users\kart2921\.m2\repository\commons-jxpath\commons-jxpath\1.3\commons-jxpath-1.3.jar;C:\Users\kart2921\.m2\repository\joda-time\joda-time\2.3\joda-time-2.3.jar;C:\Users\kart2921\.m2\repository\org\antlr\antlr-runtime\3.4\antlr-runtime-3.4.jar;C:\Users\kart2921\.m2\repository\org\antlr\stringtemplate\3.2.1\stringtemplate-3.2.1.jar;C:\Users\kart2921\.m2\repository\antlr\antlr\2.7.7\antlr-2.7.7.jar;C:\Users\kart2921\.m2\repository\com\google\guava\guava\33.3.1-jre\guava-33.3.1-jre.jar;C:\Users\kart2921\.m2\repository\com\google\guava\failureaccess\1.0.2\failureaccess-1.0.2.jar;C:\Users\kart2921\.m2\repository\com\google\guava\listenablefuture\9999.0-empty-to-avoid-conflict-with-guava\listenablefuture-9999.0-empty-to-avoid-conflict-with-guava.jar;C:\Users\kart2921\.m2\repository\com\google\errorprone\error_prone_annotations\2.28.0\error_prone_annotations-2.28.0.jar;C:\Users\kart2921\.m2\repository\com\google\j2objc\j2objc-annotations\3.0.0\j2objc-annotations-3.0.0.jar;C:\Users\kart2921\.m2\repository\com\google\code\gson\gson\2.11.0\gson-2.11.0.jar;C:\Users\kart2921\.m2\repository\com\netflix\servo\servo-core\0.5.3\servo-core-0.5.3.jar;C:\Users\kart2921\.m2\repository\org\apache\commons\commons-math\2.2\commons-math-2.2.jar;C:\Users\kart2921\.m2\repository\javax\annotation\javax.annotation-api\1.2\javax.annotation-api-1.2.jar;C:\Users\kart2921\.m2\repository\org\codehaus\jettison\jettison\1.5.4\jettison-1.5.4.jar;C:\Users\kart2921\.m2\repository\org\springframework\cloud\spring-cloud-starter-loadbalancer\4.2.0\spring-cloud-starter-loadbalancer-4.2.0.jar;C:\Users\kart2921\.m2\repository\org\springframework\cloud\spring-cloud-loadbalancer\4.2.0\spring-cloud-loadbalancer-4.2.0.jar;C:\Users\kart2921\.m2\repository\io\projectreactor\addons\reactor-extra\3.5.2\reactor-extra-3.5.2.jar;C:\Users\kart2921\.m2\repository\org\springframework\boot\spring-boot-starter-cache\3.4.0\spring-boot-starter-cache-3.4.0.jar;C:\Users\kart2921\.m2\repository\org\springframework\spring-context-support\6.2.0\spring-context-support-6.2.0.jar;C:\Users\kart2921\.m2\repository\com\stoyanr\evictor\1.0.0\evictor-1.0.0.jar;C:\Users\kart2921\.m2\repository\org\springframework\cloud\spring-cloud-starter-openfeign\4.1.3\spring-cloud-starter-openfeign-4.1.3.jar;C:\Users\kart2921\.m2\repository\org\springframework\cloud\spring-cloud-openfeign-core\4.2.0\spring-cloud-openfeign-core-4.2.0.jar;C:\Users\kart2921\.m2\repository\io\github\openfeign\feign-form-spring\13.5\feign-form-spring-13.5.jar;C:\Users\kart2921\.m2\repository\io\github\openfeign\feign-form\13.5\feign-form-13.5.jar;C:\Users\kart2921\.m2\repository\commons-fileupload\commons-fileupload\1.5\commons-fileupload-1.5.jar;C:\Users\kart2921\.m2\repository\commons-io\commons-io\2.11.0\commons-io-2.11.0.jar;C:\Users\kart2921\.m2\repository\org\springframework\cloud\spring-cloud-commons\4.2.0\spring-cloud-commons-4.2.0.jar;C:\Users\kart2921\.m2\repository\org\springframework\security\spring-security-crypto\6.4.1\spring-security-crypto-6.4.1.jar;C:\Users\kart2921\.m2\repository\io\github\openfeign\feign-core\13.5\feign-core-13.5.jar;C:\Users\kart2921\.m2\repository\io\github\openfeign\feign-slf4j\13.5\feign-slf4j-13.5.jar;C:\Users\kart2921\.m2\repository\org\springframework\boot\spring-boot-starter-actuator\3.4.0\spring-boot-starter-actuator-3.4.0.jar;C:\Users\kart2921\.m2\repository\org\springframework\boot\spring-boot-actuator-autoconfigure\3.4.0\spring-boot-actuator-autoconfigure-3.4.0.jar;C:\Users\kart2921\.m2\repository\org\springframework\boot\spring-boot-actuator\3.4.0\spring-boot-actuator-3.4.0.jar;C:\Users\kart2921\.m2\repository\io\micrometer\micrometer-observation\1.14.1\micrometer-observation-1.14.1.jar;C:\Users\kart2921\.m2\repository\io\micrometer\micrometer-commons\1.14.1\micrometer-commons-1.14.1.jar;C:\Users\kart2921\.m2\repository\io\micrometer\micrometer-jakarta9\1.14.1\micrometer-jakarta9-1.14.1.jar;C:\Users\kart2921\.m2\repository\io\micrometer\micrometer-core\1.14.1\micrometer-core-1.14.1.jar;C:\Users\kart2921\.m2\repository\org\hdrhistogram\HdrHistogram\2.2.2\HdrHistogram-2.2.2.jar;C:\Users\kart2921\.m2\repository\org\latencyutils\LatencyUtils\2.0.3\LatencyUtils-2.0.3.jar;C:\Users\kart2921\.m2\repository\org\springframework\cloud\spring-cloud-starter-circuitbreaker-resilience4j\3.2.0\spring-cloud-starter-circuitbreaker-resilience4j-3.2.0.jar;C:\Users\kart2921\.m2\repository\org\springframework\cloud\spring-cloud-circuitbreaker-resilience4j\3.2.0\spring-cloud-circuitbreaker-resilience4j-3.2.0.jar;C:\Users\kart2921\.m2\repository\io\github\resilience4j\resilience4j-spring-boot3\2.2.0\resilience4j-spring-boot3-2.2.0.jar;C:\Users\kart2921\.m2\repository\io\github\resilience4j\resilience4j-spring6\2.2.0\resilience4j-spring6-2.2.0.jar;C:\Users\kart2921\.m2\repository\io\github\resilience4j\resilience4j-annotations\2.2.0\resilience4j-annotations-2.2.0.jar;C:\Users\kart2921\.m2\repository\io\github\resilience4j\resilience4j-consumer\2.2.0\resilience4j-consumer-2.2.0.jar;C:\Users\kart2921\.m2\repository\io\github\resilience4j\resilience4j-circularbuffer\2.2.0\resilience4j-circularbuffer-2.2.0.jar;C:\Users\kart2921\.m2\repository\io\github\resilience4j\resilience4j-framework-common\2.2.0\resilience4j-framework-common-2.2.0.jar;C:\Users\kart2921\.m2\repository\io\github\resilience4j\resilience4j-micrometer\2.2.0\resilience4j-micrometer-2.2.0.jar;C:\Users\kart2921\.m2\repository\io\github\resilience4j\resilience4j-retry\2.2.0\resilience4j-retry-2.2.0.jar;C:\Users\kart2921\.m2\repository\io\github\resilience4j\resilience4j-ratelimiter\2.2.0\resilience4j-ratelimiter-2.2.0.jar;C:\Users\kart2921\.m2\repository\org\springframework\boot\spring-boot-configuration-processor\3.4.0\spring-boot-configuration-processor-3.4.0.jar;C:\Users\kart2921\.m2\repository\io\github\resilience4j\resilience4j-circuitbreaker\2.2.0\resilience4j-circuitbreaker-2.2.0.jar;C:\Users\kart2921\.m2\repository\io\github\resilience4j\resilience4j-core\2.2.0\resilience4j-core-2.2.0.jar;C:\Users\kart2921\.m2\repository\io\github\resilience4j\resilience4j-timelimiter\2.2.0\resilience4j-timelimiter-2.2.0.jar
Launcher Type: SUN_STANDARD

[Global flags]
     intx CICompilerCount                          = 4                                         {product} {ergonomic}
     uint ConcGCThreads                            = 2                                         {product} {ergonomic}
     uint G1ConcRefinementThreads                  = 8                                         {product} {ergonomic}
   size_t G1HeapRegionSize                         = 2097152                                   {product} {ergonomic}
    uintx GCDrainStackTargetSize                   = 64                                        {product} {ergonomic}
   size_t InitialHeapSize                          = 264241152                                 {product} {ergonomic}
     bool ManagementServer                         = true                                      {product} {command line}
   size_t MarkStackSize                            = 4194304                                   {product} {ergonomic}
   size_t MaxHeapSize                              = 4225761280                                {product} {ergonomic}
   size_t MaxNewSize                               = 2535456768                                {product} {ergonomic}
   size_t MinHeapDeltaBytes                        = 2097152                                   {product} {ergonomic}
   size_t MinHeapSize                              = 8388608                                   {product} {ergonomic}
    uintx NonNMethodCodeHeapSize                   = 4096                                   {pd product} {ergonomic}
    uintx NonProfiledCodeHeapSize                  = 0                                      {pd product} {ergonomic}
     bool ProfileInterpreter                       = false                                  {pd product} {command line}
    uintx ProfiledCodeHeapSize                     = 0                                      {pd product} {ergonomic}
     bool ShowCodeDetailsInExceptionMessages       = true                                   {manageable} {command line}
   size_t SoftMaxHeapSize                          = 4225761280                             {manageable} {ergonomic}
     intx TieredStopAtLevel                        = 1                                         {product} {command line}
     bool UseCompressedOops                        = true                           {product lp64_product} {ergonomic}
     bool UseG1GC                                  = true                                      {product} {ergonomic}
     bool UseLargePagesIndividualAllocation        = false                                  {pd product} {ergonomic}

Logging:
Log output configuration:
 #0: stdout all=warning uptime,level,tags foldmultilines=false
 #1: stderr all=off uptime,level,tags foldmultilines=false

Environment Variables:
PATH=E:\Eclipse New\eclipse\plugins\org.eclipse.justj.openjdk.hotspot.jre.full.win32.x86_64_21.0.4.v20240802-1551\jre\bin;E:/Eclipse New/eclipse//plugins/org.eclipse.justj.openjdk.hotspot.jre.full.win32.x86_64_21.0.4.v20240802-1551/jre/bin/server;E:/Eclipse New/eclipse//plugins/org.eclipse.justj.openjdk.hotspot.jre.full.win32.x86_64_21.0.4.v20240802-1551/jre/bin;C:\Program Files (x86)\Common Files\Oracle\Java\javapath;C:\msys64\usr\bin;C:\WINDOWS\system32;C:\WINDOWS;C:\WINDOWS\System32\Wbem;C:\WINDOWS\System32\WindowsPowerShell\v1.0\;C:\WINDOWS\System32\OpenSSH\;C:\Program Files\Git\cmd;C:\Program Files\PuTTY\;C:\Users\kart2921\AppData\Local\Microsoft\WindowsApps;;C:\Users\kart2921\AppData\Local\Programs\Microsoft VS Code\bin;E:\Eclipse New\eclipse;
USERNAME=kart2921
OS=Windows_NT
PROCESSOR_IDENTIFIER=Intel64 Family 6 Model 140 Stepping 1, GenuineIntel
TMP=C:\Users\kart2921\AppData\Local\Temp
TEMP=C:\Users\kart2921\AppData\Local\Temp




Periodic native trim disabled

---------------  S Y S T E M  ---------------

OS:
 Windows 11 , 64 bit Build 26100 (10.0.26100.3323)
OS uptime: 7 days 22:55 hours
Hyper-V role detected

CPU: total 8 (initial active 8) (4 cores per cpu, 2 threads per core) family 6 model 140 stepping 1 microcode 0xb6, cx8, cmov, fxsr, ht, mmx, 3dnowpref, sse, sse2, sse3, ssse3, sse4.1, sse4.2, popcnt, lzcnt, tsc, tscinvbit, avx, avx2, aes, erms, clmul, bmi1, bmi2, adx, avx512f, avx512dq, avx512cd, avx512bw, avx512vl, sha, fma, vzeroupper, avx512_vpopcntdq, avx512_vpclmulqdq, avx512_vaes, avx512_vnni, clflush, clflushopt, clwb, avx512_vbmi2, avx512_vbmi, hv, rdtscp, rdpid, fsrm, gfni, avx512_bitalg, f16c, cet_ibt, cet_ss, avx512_ifma
Processor Information for processor 0
  Max Mhz: 2419, Current Mhz: 2419, Mhz Limit: 2419
Processor Information for processor 1
  Max Mhz: 2419, Current Mhz: 1007, Mhz Limit: 2419
Processor Information for processor 2
  Max Mhz: 2419, Current Mhz: 2419, Mhz Limit: 2419
Processor Information for processor 3
  Max Mhz: 2419, Current Mhz: 2419, Mhz Limit: 2419
Processor Information for processor 4
  Max Mhz: 2419, Current Mhz: 1007, Mhz Limit: 2419
Processor Information for processor 5
  Max Mhz: 2419, Current Mhz: 2419, Mhz Limit: 2419
Processor Information for processor 6
  Max Mhz: 2419, Current Mhz: 2419, Mhz Limit: 2419
Processor Information for processor 7
  Max Mhz: 2419, Current Mhz: 2419, Mhz Limit: 2419

Memory: 4k page, system-wide physical 16112M (646M free)
TotalPageFile size 34995M (AvailPageFile size 272M)
current process WorkingSet (physical memory assigned to process): 1365M, peak: 1365M
current process commit charge ("private bytes"): 1431M, peak: 1991M

vm_info: OpenJDK 64-Bit Server VM (21.0.4+7-LTS) for windows-amd64 JRE (21.0.4+7-LTS), built on 2024-07-16T00:00:00Z by "admin" with MS VC++ 17.7 (VS2022)

END.
