#
# There is insufficient memory for the Java Runtime Environment to continue.
# Native memory allocation (mmap) failed to map 520093696 bytes. Error detail: G1 virtual space
# Possible reasons:
#   The system is out of physical RAM or swap space
#   This process is running with CompressedOops enabled, and the Java Heap may be blocking the growth of the native heap
# Possible solutions:
#   Reduce memory load on the system
#   Increase physical memory or swap space
#   Check if swap backing store is full
#   Decrease Java heap size (-Xmx/-Xms)
#   Decrease number of Java threads
#   Decrease Java thread stack sizes (-Xss)
#   Set larger code cache with -XX:ReservedCodeCacheSize=
#   JVM is running with Zero Based Compressed Oops mode in which the Java heap is
#     placed in the first 32GB address space. The Java Heap base address is the
#     maximum limit for the native heap growth. Please use -XX:HeapBaseMinAddress
#     to set the Java Heap base and to place the Java Heap above 32GB virtual address.
# This output file may be truncated or incomplete.
#
#  Out of Memory Error (os_windows.cpp:3616), pid=33156, tid=29748
#
# JRE version: OpenJDK Runtime Environment Temurin-21.0.4+7 (21.0.4+7) (build 21.0.4+7-LTS)
# Java VM: OpenJDK 64-Bit Server VM Temurin-21.0.4+7 (21.0.4+7-LTS, mixed mode, emulated-client, tiered, compressed oops, compressed class ptrs, g1 gc, windows-amd64)
# No core dump will be written. Minidumps are not enabled by default on client versions of Windows
#

---------------  S U M M A R Y ------------

Command Line: -Dcom.sun.management.jmxremote -Dcom.sun.management.jmxremote.port=7091 -Dcom.sun.management.jmxremote.authenticate=false -Dcom.sun.management.jmxremote.ssl=false -Djava.rmi.server.hostname=localhost -Dspring.jmx.enabled=true -Dmanagement.endpoints.jmx.exposure.include=* -Dspring.application.admin.enabled=true -XX:TieredStopAtLevel=1 -Dspring.boot.project.name=ProgrammingTechie_Inventory-Service -Dfile.encoding=UTF-8 -Dstdout.encoding=UTF-8 -Dstderr.encoding=UTF-8 -XX:+ShowCodeDetailsInExceptionMessages com.programmingtechie.inventoryService.ProgrammingTechieInventoryServiceApplication --spring.output.ansi.enabled=always

Host: 11th Gen Intel(R) Core(TM) i5-1135G7 @ 2.40GHz, 8 cores, 15G,  Windows 11 , 64 bit Build 26100 (10.0.26100.3323)
Time: Tue Mar 25 16:05:37 2025 India Standard Time elapsed time: 50.643050 seconds (0d 0h 0m 50s)

---------------  T H R E A D  ---------------

Current thread (0x0000026e5e8c7400):  VMThread "VM Thread"          [id=29748, stack(0x00000071f2d00000,0x00000071f2e00000) (1024K)]

Stack: [0x00000071f2d00000,0x00000071f2e00000]
Native frames: (J=compiled Java code, j=interpreted, Vv=VM code, C=native code)
V  [jvm.dll+0x6cbcf9]
V  [jvm.dll+0x8a5551]
V  [jvm.dll+0x8a7a7e]
V  [jvm.dll+0x8a8153]
V  [jvm.dll+0x27eca6]
V  [jvm.dll+0x6c8445]
V  [jvm.dll+0x6bd13a]
V  [jvm.dll+0x354a0a]
V  [jvm.dll+0x35c5b6]
V  [jvm.dll+0x3adf3e]
V  [jvm.dll+0x3ae1e8]
V  [jvm.dll+0x328bcc]
V  [jvm.dll+0x32b426]
V  [jvm.dll+0x335618]
V  [jvm.dll+0x36aaef]
V  [jvm.dll+0x8ade6f]
V  [jvm.dll+0x8af1f4]
V  [jvm.dll+0x8af730]
V  [jvm.dll+0x8af9d3]
V  [jvm.dll+0x84f17b]
V  [jvm.dll+0x6ca3fd]
C  [ucrtbase.dll+0x37b0]
C  [KERNEL32.DLL+0x2e8d7]
C  [ntdll.dll+0xbbf6c]

VM_Operation (0x00000071f28ff640): G1PauseRemark, mode: safepoint, requested by thread 0x0000026e5ec3d510


---------------  P R O C E S S  ---------------

Threads class SMR info:
_java_thread_list=0x0000026e764fdfb0, length=23, elements={
0x0000026e5e908510, 0x0000026e6f248d50, 0x0000026e6f24ff70, 0x0000026e6f22a280,
0x0000026e6f22ccf0, 0x0000026e6f22d750, 0x0000026e6f22e950, 0x0000026e6f21e140,
0x0000026e6f376980, 0x0000026e6f48f690, 0x0000026e6fd1e0e0, 0x0000026e6fe20380,
0x0000026e6fe3c770, 0x0000026e744b5e60, 0x0000026e7456d000, 0x0000026e744c7be0,
0x0000026e747b4ce0, 0x0000026e74683ab0, 0x0000026e746847d0, 0x0000026e74682700,
0x0000026e74682d90, 0x0000026e74684e60, 0x0000026e6f3abae0
}

Java Threads: ( => current thread )
  0x0000026e5e908510 JavaThread "main"                              [_thread_blocked, id=33208, stack(0x00000071f2600000,0x00000071f2700000) (1024K)]
  0x0000026e6f248d50 JavaThread "Reference Handler"          daemon [_thread_blocked, id=13280, stack(0x00000071f2e00000,0x00000071f2f00000) (1024K)]
  0x0000026e6f24ff70 JavaThread "Finalizer"                  daemon [_thread_blocked, id=28236, stack(0x00000071f2f00000,0x00000071f3000000) (1024K)]
  0x0000026e6f22a280 JavaThread "Signal Dispatcher"          daemon [_thread_blocked, id=34024, stack(0x00000071f3000000,0x00000071f3100000) (1024K)]
  0x0000026e6f22ccf0 JavaThread "Attach Listener"            daemon [_thread_blocked, id=22148, stack(0x00000071f3100000,0x00000071f3200000) (1024K)]
  0x0000026e6f22d750 JavaThread "Service Thread"             daemon [_thread_blocked, id=30780, stack(0x00000071f3200000,0x00000071f3300000) (1024K)]
  0x0000026e6f22e950 JavaThread "Monitor Deflation Thread"   daemon [_thread_blocked, id=28568, stack(0x00000071f3300000,0x00000071f3400000) (1024K)]
  0x0000026e6f21e140 JavaThread "C1 CompilerThread0"         daemon [_thread_blocked, id=20660, stack(0x00000071f3400000,0x00000071f3500000) (1024K)]
  0x0000026e6f376980 JavaThread "Common-Cleaner"             daemon [_thread_blocked, id=34344, stack(0x00000071f3500000,0x00000071f3600000) (1024K)]
  0x0000026e6f48f690 JavaThread "Notification Thread"        daemon [_thread_blocked, id=31096, stack(0x00000071f3700000,0x00000071f3800000) (1024K)]
  0x0000026e6fd1e0e0 JavaThread "RMI TCP Accept-0"           daemon [_thread_in_native, id=19200, stack(0x00000071f3a00000,0x00000071f3b00000) (1024K)]
  0x0000026e6fe20380 JavaThread "RMI TCP Accept-7091"        daemon [_thread_in_native, id=32272, stack(0x00000071f3b00000,0x00000071f3c00000) (1024K)]
  0x0000026e6fe3c770 JavaThread "RMI TCP Accept-0"           daemon [_thread_in_native, id=29508, stack(0x00000071f4200000,0x00000071f4300000) (1024K)]
  0x0000026e744b5e60 JavaThread "RMI TCP Connection(idle)"   daemon [_thread_blocked, id=28360, stack(0x00000071f4300000,0x00000071f4400000) (1024K)]
  0x0000026e7456d000 JavaThread "RMI Scheduler(0)"           daemon [_thread_blocked, id=5692, stack(0x00000071f4400000,0x00000071f4500000) (1024K)]
  0x0000026e744c7be0 JavaThread "RMI TCP Connection(2)-127.0.0.1" daemon [_thread_in_native, id=22784, stack(0x00000071f4500000,0x00000071f4600000) (1024K)]
  0x0000026e747b4ce0 JavaThread "JMX server connection timeout 34" daemon [_thread_blocked, id=21088, stack(0x00000071f4600000,0x00000071f4700000) (1024K)]
  0x0000026e74683ab0 JavaThread "Catalina-utility-1"                [_thread_blocked, id=31616, stack(0x00000071f4900000,0x00000071f4a00000) (1024K)]
  0x0000026e746847d0 JavaThread "Catalina-utility-2"                [_thread_blocked, id=32012, stack(0x00000071f4a00000,0x00000071f4b00000) (1024K)]
  0x0000026e74682700 JavaThread "container-0"                       [_thread_blocked, id=30812, stack(0x00000071f4b00000,0x00000071f4c00000) (1024K)]
  0x0000026e74682d90 JavaThread "PostgreSQL-JDBC-Cleaner"    daemon [_thread_blocked, id=32752, stack(0x00000071f4d00000,0x00000071f4e00000) (1024K)]
  0x0000026e74684e60 JavaThread "HikariPool-1 housekeeper"   daemon [_thread_blocked, id=29688, stack(0x00000071f4e00000,0x00000071f4f00000) (1024K)]
  0x0000026e6f3abae0 JavaThread "C1 CompilerThread1"         daemon [_thread_blocked, id=29892, stack(0x00000071f2500000,0x00000071f2600000) (1024K)]
Total: 23

Other Threads:
=>0x0000026e5e8c7400 VMThread "VM Thread"                           [id=29748, stack(0x00000071f2d00000,0x00000071f2e00000) (1024K)]
  0x0000026e6c8a9b60 WatcherThread "VM Periodic Task Thread"        [id=9808, stack(0x00000071f2c00000,0x00000071f2d00000) (1024K)]
  0x0000026e5e8c8d60 WorkerThread "GC Thread#0"                     [id=22324, stack(0x00000071f2700000,0x00000071f2800000) (1024K)]
  0x0000026e5e8c8280 WorkerThread "GC Thread#1"                     [id=20648, stack(0x00000071f3c00000,0x00000071f3d00000) (1024K)]
  0x0000026e5e8c7b40 WorkerThread "GC Thread#2"                     [id=32708, stack(0x00000071f3d00000,0x00000071f3e00000) (1024K)]
  0x0000026e5e8c7ee0 WorkerThread "GC Thread#3"                     [id=15520, stack(0x00000071f3e00000,0x00000071f3f00000) (1024K)]
  0x0000026e6fe44a50 WorkerThread "GC Thread#4"                     [id=25384, stack(0x00000071f3f00000,0x00000071f4000000) (1024K)]
  0x0000026e6fe43bd0 WorkerThread "GC Thread#5"                     [id=24680, stack(0x00000071f4000000,0x00000071f4100000) (1024K)]
  0x0000026e6fe42270 WorkerThread "GC Thread#6"                     [id=27704, stack(0x00000071f4100000,0x00000071f4200000) (1024K)]
  0x0000026e6fe43830 WorkerThread "GC Thread#7"                     [id=29184, stack(0x00000071f4700000,0x00000071f4800000) (1024K)]
  0x0000026e5ec3d510 ConcurrentGCThread "G1 Main Marker"            [id=18900, stack(0x00000071f2800000,0x00000071f2900000) (1024K)]
  0x0000026e5e8c8620 WorkerThread "G1 Conc#0"                       [id=31748, stack(0x00000071f2900000,0x00000071f2a00000) (1024K)]
  0x0000026e6fe44df0 WorkerThread "G1 Conc#1"                       [id=26336, stack(0x00000071f4800000,0x00000071f4900000) (1024K)]
  0x0000026e6c771c60 ConcurrentGCThread "G1 Refine#0"               [id=26784, stack(0x00000071f2a00000,0x00000071f2b00000) (1024K)]
  0x0000026e6c772090 ConcurrentGCThread "G1 Service"                [id=27420, stack(0x00000071f2b00000,0x00000071f2c00000) (1024K)]
Total: 15

Threads with active compile tasks:
Total: 0

VM state: at safepoint (normal execution)

VM Mutex/Monitor currently owned by a thread:  ([mutex/lock_event])
[0x00007ffc17bd7308] Threads_lock - owner thread: 0x0000026e5e8c7400
[0x00007ffc17bd7408] Heap_lock - owner thread: 0x0000026e5ec3d510

Heap address: 0x0000000704200000, size: 4030 MB, Compressed Oops mode: Zero based, Oop shift amount: 3

CDS archive(s) not mapped
Compressed class space mapped at: 0x0000000800000000-0x0000000840000000, reserved size: 1073741824
Narrow klass base: 0x0000000800000000, Narrow klass shift: 0, Narrow klass range: 0x40000000

GC Precious Log:
 CardTable entry size: 512
 Card Set container configuration: InlinePtr #cards 4 size 8 Array Of Cards #cards 16 size 48 Howl #buckets 8 coarsen threshold 3686 Howl Bitmap #cards 512 size 80 coarsen threshold 460 Card regions per heap region 1 cards per card region 4096
 CPUs: 8 total, 8 available
 Memory: 16112M
 Large Page Support: Disabled
 NUMA Support: Disabled
 Compressed Oops: Enabled (Zero based)
 Heap Region Size: 2M
 Heap Min Capacity: 8M
 Heap Initial Capacity: 252M
 Heap Max Capacity: 4030M
 Pre-touch: Disabled
 Parallel Workers: 8
 Concurrent Workers: 2
 Concurrent Refinement Workers: 8
 Periodic GC: Disabled

Heap:
 garbage-first heap   total 1564672K, used 1250304K [0x0000000704200000, 0x0000000800000000)
  region size 2048K, 15 young (30720K), 10 survivors (20480K)
 Metaspace       used 66887K, committed 67584K, reserved 1114112K
  class space    used 9014K, committed 9344K, reserved 1048576K

Heap Regions: E=young(eden), S=young(survivor), O=old, HS=humongous(starts), HC=humongous(continues), CS=collection set, F=free, TAMS=top-at-mark-start, PB=parsable bottom
|   0|0x0000000704200000, 0x0000000704400000, 0x0000000704400000|100%| O|  |TAMS 0x0000000704400000| PB 0x0000000704400000| Untracked 
|   1|0x0000000704400000, 0x0000000704600000, 0x0000000704600000|100%| O|  |TAMS 0x0000000704600000| PB 0x0000000704600000| Untracked 
|   2|0x0000000704600000, 0x0000000704800000, 0x0000000704800000|100%| O|  |TAMS 0x0000000704800000| PB 0x0000000704800000| Untracked 
|   3|0x0000000704800000, 0x0000000704a00000, 0x0000000704a00000|100%| O|  |TAMS 0x0000000704a00000| PB 0x0000000704a00000| Untracked 
|   4|0x0000000704a00000, 0x0000000704c00000, 0x0000000704c00000|100%| O|  |TAMS 0x0000000704c00000| PB 0x0000000704c00000| Untracked 
|   5|0x0000000704c00000, 0x0000000704e00000, 0x0000000704e00000|100%| O|  |TAMS 0x0000000704e00000| PB 0x0000000704e00000| Updating 
|   6|0x0000000704e00000, 0x0000000705000000, 0x0000000705000000|100%| O|  |TAMS 0x0000000704e00000| PB 0x0000000704e00000| Untracked 
|   7|0x0000000705000000, 0x0000000705200000, 0x0000000705200000|100%| O|  |TAMS 0x0000000705200000| PB 0x0000000705200000| Untracked 
|   8|0x0000000705200000, 0x0000000705400000, 0x0000000705400000|100%| O|  |TAMS 0x0000000705400000| PB 0x0000000705400000| Untracked 
|   9|0x0000000705400000, 0x0000000705600000, 0x0000000705600000|100%| O|  |TAMS 0x0000000705600000| PB 0x0000000705600000| Updating 
|  10|0x0000000705600000, 0x0000000705800000, 0x0000000705800000|100%| O|  |TAMS 0x0000000705800000| PB 0x0000000705800000| Updating 
|  11|0x0000000705800000, 0x0000000705a00000, 0x0000000705a00000|100%| O|  |TAMS 0x0000000705a00000| PB 0x0000000705a00000| Untracked 
|  12|0x0000000705a00000, 0x0000000705c00000, 0x0000000705c00000|100%| O|  |TAMS 0x0000000705c00000| PB 0x0000000705c00000| Untracked 
|  13|0x0000000705c00000, 0x0000000705e00000, 0x0000000705e00000|100%| O|  |TAMS 0x0000000705e00000| PB 0x0000000705e00000| Untracked 
|  14|0x0000000705e00000, 0x0000000706000000, 0x0000000706000000|100%|HS|  |TAMS 0x0000000706000000| PB 0x0000000705e00000| Complete 
|  15|0x0000000706000000, 0x0000000706200000, 0x0000000706200000|100%| O|  |TAMS 0x0000000706200000| PB 0x0000000706200000| Untracked 
|  16|0x0000000706200000, 0x0000000706400000, 0x0000000706400000|100%| O|  |TAMS 0x0000000706400000| PB 0x0000000706400000| Updating 
|  17|0x0000000706400000, 0x0000000706600000, 0x0000000706600000|100%| O|  |TAMS 0x0000000706600000| PB 0x0000000706600000| Untracked 
|  18|0x0000000706600000, 0x0000000706800000, 0x0000000706800000|100%| O|  |TAMS 0x0000000706800000| PB 0x0000000706800000| Untracked 
|  19|0x0000000706800000, 0x0000000706a00000, 0x0000000706a00000|100%| O|  |TAMS 0x0000000706a00000| PB 0x0000000706a00000| Untracked 
|  20|0x0000000706a00000, 0x0000000706c00000, 0x0000000706c00000|100%| O|  |TAMS 0x0000000706c00000| PB 0x0000000706c00000| Updating 
|  21|0x0000000706c00000, 0x0000000706e00000, 0x0000000706e00000|100%| O|  |TAMS 0x0000000706e00000| PB 0x0000000706e00000| Untracked 
|  22|0x0000000706e00000, 0x0000000707000000, 0x0000000707000000|100%| O|  |TAMS 0x0000000707000000| PB 0x0000000707000000| Untracked 
|  23|0x0000000707000000, 0x0000000707200000, 0x0000000707200000|100%| O|  |TAMS 0x0000000707200000| PB 0x0000000707200000| Untracked 
|  24|0x0000000707200000, 0x0000000707400000, 0x0000000707400000|100%| O|  |TAMS 0x0000000707400000| PB 0x0000000707400000| Untracked 
|  25|0x0000000707400000, 0x0000000707600000, 0x0000000707600000|100%| O|  |TAMS 0x0000000707600000| PB 0x0000000707600000| Untracked 
|  26|0x0000000707600000, 0x0000000707800000, 0x0000000707800000|100%| O|  |TAMS 0x0000000707800000| PB 0x0000000707800000| Untracked 
|  27|0x0000000707800000, 0x0000000707a00000, 0x0000000707a00000|100%| O|  |TAMS 0x0000000707a00000| PB 0x0000000707a00000| Updating 
|  28|0x0000000707a00000, 0x0000000707c00000, 0x0000000707c00000|100%| O|  |TAMS 0x0000000707c00000| PB 0x0000000707c00000| Untracked 
|  29|0x0000000707c00000, 0x0000000707e00000, 0x0000000707e00000|100%| O|  |TAMS 0x0000000707e00000| PB 0x0000000707e00000| Updating 
|  30|0x0000000707e00000, 0x0000000708000000, 0x0000000708000000|100%| O|  |TAMS 0x0000000708000000| PB 0x0000000708000000| Untracked 
|  31|0x0000000708000000, 0x0000000708200000, 0x0000000708200000|100%| O|  |TAMS 0x0000000708200000| PB 0x0000000708200000| Updating 
|  32|0x0000000708200000, 0x0000000708400000, 0x0000000708400000|100%| O|  |TAMS 0x0000000708400000| PB 0x0000000708400000| Untracked 
|  33|0x0000000708400000, 0x0000000708600000, 0x0000000708600000|100%| O|  |TAMS 0x0000000708600000| PB 0x0000000708600000| Untracked 
|  34|0x0000000708600000, 0x0000000708800000, 0x0000000708800000|100%| O|  |TAMS 0x0000000708800000| PB 0x0000000708800000| Untracked 
|  35|0x0000000708800000, 0x0000000708a00000, 0x0000000708a00000|100%| O|  |TAMS 0x0000000708a00000| PB 0x0000000708a00000| Untracked 
|  36|0x0000000708a00000, 0x0000000708c00000, 0x0000000708c00000|100%| O|  |TAMS 0x0000000708c00000| PB 0x0000000708c00000| Untracked 
|  37|0x0000000708c00000, 0x0000000708e00000, 0x0000000708e00000|100%| O|  |TAMS 0x0000000708e00000| PB 0x0000000708e00000| Untracked 
|  38|0x0000000708e00000, 0x0000000709000000, 0x0000000709000000|100%| O|  |TAMS 0x0000000709000000| PB 0x0000000709000000| Untracked 
|  39|0x0000000709000000, 0x0000000709200000, 0x0000000709200000|100%| O|  |TAMS 0x0000000709200000| PB 0x0000000709200000| Untracked 
|  40|0x0000000709200000, 0x0000000709400000, 0x0000000709400000|100%| O|  |TAMS 0x0000000709400000| PB 0x0000000709400000| Untracked 
|  41|0x0000000709400000, 0x0000000709600000, 0x0000000709600000|100%| O|  |TAMS 0x0000000709600000| PB 0x0000000709600000| Untracked 
|  42|0x0000000709600000, 0x0000000709800000, 0x0000000709800000|100%| O|  |TAMS 0x0000000709800000| PB 0x0000000709800000| Untracked 
|  43|0x0000000709800000, 0x0000000709a00000, 0x0000000709a00000|100%| O|  |TAMS 0x0000000709a00000| PB 0x0000000709a00000| Untracked 
|  44|0x0000000709a00000, 0x0000000709c00000, 0x0000000709c00000|100%| O|  |TAMS 0x0000000709c00000| PB 0x0000000709c00000| Updating 
|  45|0x0000000709c00000, 0x0000000709e00000, 0x0000000709e00000|100%| O|  |TAMS 0x0000000709e00000| PB 0x0000000709e00000| Updating 
|  46|0x0000000709e00000, 0x000000070a000000, 0x000000070a000000|100%| O|  |TAMS 0x000000070a000000| PB 0x000000070a000000| Updating 
|  47|0x000000070a000000, 0x000000070a200000, 0x000000070a200000|100%| O|  |TAMS 0x000000070a200000| PB 0x000000070a200000| Untracked 
|  48|0x000000070a200000, 0x000000070a400000, 0x000000070a400000|100%| O|  |TAMS 0x000000070a400000| PB 0x000000070a400000| Untracked 
|  49|0x000000070a400000, 0x000000070a600000, 0x000000070a600000|100%| O|  |TAMS 0x000000070a600000| PB 0x000000070a600000| Untracked 
|  50|0x000000070a600000, 0x000000070a800000, 0x000000070a800000|100%| O|  |TAMS 0x000000070a800000| PB 0x000000070a800000| Untracked 
|  51|0x000000070a800000, 0x000000070aa00000, 0x000000070aa00000|100%| O|  |TAMS 0x000000070aa00000| PB 0x000000070aa00000| Untracked 
|  52|0x000000070aa00000, 0x000000070ac00000, 0x000000070ac00000|100%| O|  |TAMS 0x000000070ac00000| PB 0x000000070ac00000| Untracked 
|  53|0x000000070ac00000, 0x000000070ae00000, 0x000000070ae00000|100%| O|  |TAMS 0x000000070ae00000| PB 0x000000070ae00000| Untracked 
|  54|0x000000070ae00000, 0x000000070b000000, 0x000000070b000000|100%| O|  |TAMS 0x000000070b000000| PB 0x000000070b000000| Untracked 
|  55|0x000000070b000000, 0x000000070b200000, 0x000000070b200000|100%| O|  |TAMS 0x000000070b200000| PB 0x000000070b200000| Untracked 
|  56|0x000000070b200000, 0x000000070b400000, 0x000000070b400000|100%| O|  |TAMS 0x000000070b400000| PB 0x000000070b400000| Untracked 
|  57|0x000000070b400000, 0x000000070b600000, 0x000000070b600000|100%| O|  |TAMS 0x000000070b600000| PB 0x000000070b600000| Untracked 
|  58|0x000000070b600000, 0x000000070b800000, 0x000000070b800000|100%| O|  |TAMS 0x000000070b800000| PB 0x000000070b800000| Updating 
|  59|0x000000070b800000, 0x000000070ba00000, 0x000000070ba00000|100%| O|  |TAMS 0x000000070ba00000| PB 0x000000070ba00000| Untracked 
|  60|0x000000070ba00000, 0x000000070bc00000, 0x000000070bc00000|100%| O|  |TAMS 0x000000070bc00000| PB 0x000000070bc00000| Untracked 
|  61|0x000000070bc00000, 0x000000070be00000, 0x000000070be00000|100%| O|  |TAMS 0x000000070be00000| PB 0x000000070be00000| Untracked 
|  62|0x000000070be00000, 0x000000070c000000, 0x000000070c000000|100%| O|  |TAMS 0x000000070c000000| PB 0x000000070c000000| Untracked 
|  63|0x000000070c000000, 0x000000070c200000, 0x000000070c200000|100%| O|  |TAMS 0x000000070c200000| PB 0x000000070c200000| Untracked 
|  64|0x000000070c200000, 0x000000070c400000, 0x000000070c400000|100%| O|  |TAMS 0x000000070c400000| PB 0x000000070c400000| Untracked 
|  65|0x000000070c400000, 0x000000070c600000, 0x000000070c600000|100%| O|  |TAMS 0x000000070c600000| PB 0x000000070c600000| Untracked 
|  66|0x000000070c600000, 0x000000070c800000, 0x000000070c800000|100%| O|  |TAMS 0x000000070c800000| PB 0x000000070c800000| Untracked 
|  67|0x000000070c800000, 0x000000070ca00000, 0x000000070ca00000|100%| O|  |TAMS 0x000000070ca00000| PB 0x000000070ca00000| Updating 
|  68|0x000000070ca00000, 0x000000070cc00000, 0x000000070cc00000|100%| O|  |TAMS 0x000000070cc00000| PB 0x000000070cc00000| Untracked 
|  69|0x000000070cc00000, 0x000000070ce00000, 0x000000070ce00000|100%| O|  |TAMS 0x000000070ce00000| PB 0x000000070ce00000| Updating 
|  70|0x000000070ce00000, 0x000000070d000000, 0x000000070d000000|100%| O|  |TAMS 0x000000070d000000| PB 0x000000070d000000| Updating 
|  71|0x000000070d000000, 0x000000070d200000, 0x000000070d200000|100%| O|  |TAMS 0x000000070d200000| PB 0x000000070d200000| Untracked 
|  72|0x000000070d200000, 0x000000070d400000, 0x000000070d400000|100%| O|  |TAMS 0x000000070d400000| PB 0x000000070d400000| Untracked 
|  73|0x000000070d400000, 0x000000070d600000, 0x000000070d600000|100%| O|  |TAMS 0x000000070d600000| PB 0x000000070d600000| Untracked 
|  74|0x000000070d600000, 0x000000070d800000, 0x000000070d800000|100%| O|  |TAMS 0x000000070d800000| PB 0x000000070d800000| Untracked 
|  75|0x000000070d800000, 0x000000070da00000, 0x000000070da00000|100%| O|  |TAMS 0x000000070da00000| PB 0x000000070da00000| Untracked 
|  76|0x000000070da00000, 0x000000070dc00000, 0x000000070dc00000|100%| O|  |TAMS 0x000000070dc00000| PB 0x000000070dc00000| Untracked 
|  77|0x000000070dc00000, 0x000000070de00000, 0x000000070de00000|100%| O|  |TAMS 0x000000070de00000| PB 0x000000070de00000| Untracked 
|  78|0x000000070de00000, 0x000000070e000000, 0x000000070e000000|100%| O|  |TAMS 0x000000070e000000| PB 0x000000070e000000| Untracked 
|  79|0x000000070e000000, 0x000000070e200000, 0x000000070e200000|100%| O|  |TAMS 0x000000070e200000| PB 0x000000070e200000| Updating 
|  80|0x000000070e200000, 0x000000070e400000, 0x000000070e400000|100%| O|  |TAMS 0x000000070e400000| PB 0x000000070e400000| Untracked 
|  81|0x000000070e400000, 0x000000070e600000, 0x000000070e600000|100%| O|  |TAMS 0x000000070e600000| PB 0x000000070e600000| Untracked 
|  82|0x000000070e600000, 0x000000070e800000, 0x000000070e800000|100%| O|  |TAMS 0x000000070e800000| PB 0x000000070e800000| Untracked 
|  83|0x000000070e800000, 0x000000070ea00000, 0x000000070ea00000|100%| O|  |TAMS 0x000000070ea00000| PB 0x000000070ea00000| Untracked 
|  84|0x000000070ea00000, 0x000000070ec00000, 0x000000070ec00000|100%| O|  |TAMS 0x000000070ec00000| PB 0x000000070ec00000| Untracked 
|  85|0x000000070ec00000, 0x000000070ee00000, 0x000000070ee00000|100%| O|  |TAMS 0x000000070ee00000| PB 0x000000070ee00000| Untracked 
|  86|0x000000070ee00000, 0x000000070f000000, 0x000000070f000000|100%| O|  |TAMS 0x000000070f000000| PB 0x000000070f000000| Untracked 
|  87|0x000000070f000000, 0x000000070f200000, 0x000000070f200000|100%| O|  |TAMS 0x000000070f200000| PB 0x000000070f200000| Untracked 
|  88|0x000000070f200000, 0x000000070f400000, 0x000000070f400000|100%| O|  |TAMS 0x000000070f400000| PB 0x000000070f400000| Untracked 
|  89|0x000000070f400000, 0x000000070f600000, 0x000000070f600000|100%| O|  |TAMS 0x000000070f600000| PB 0x000000070f600000| Untracked 
|  90|0x000000070f600000, 0x000000070f800000, 0x000000070f800000|100%| O|  |TAMS 0x000000070f800000| PB 0x000000070f800000| Updating 
|  91|0x000000070f800000, 0x000000070fa00000, 0x000000070fa00000|100%| O|  |TAMS 0x000000070fa00000| PB 0x000000070fa00000| Updating 
|  92|0x000000070fa00000, 0x000000070fc00000, 0x000000070fc00000|100%| O|  |TAMS 0x000000070fc00000| PB 0x000000070fc00000| Untracked 
|  93|0x000000070fc00000, 0x000000070fe00000, 0x000000070fe00000|100%| O|  |TAMS 0x000000070fe00000| PB 0x000000070fe00000| Untracked 
|  94|0x000000070fe00000, 0x0000000710000000, 0x0000000710000000|100%| O|  |TAMS 0x0000000710000000| PB 0x0000000710000000| Untracked 
|  95|0x0000000710000000, 0x0000000710200000, 0x0000000710200000|100%| O|  |TAMS 0x0000000710200000| PB 0x0000000710200000| Untracked 
|  96|0x0000000710200000, 0x0000000710400000, 0x0000000710400000|100%| O|  |TAMS 0x0000000710400000| PB 0x0000000710400000| Untracked 
|  97|0x0000000710400000, 0x0000000710600000, 0x0000000710600000|100%| O|  |TAMS 0x0000000710600000| PB 0x0000000710600000| Untracked 
|  98|0x0000000710600000, 0x0000000710800000, 0x0000000710800000|100%| O|  |TAMS 0x0000000710800000| PB 0x0000000710800000| Untracked 
|  99|0x0000000710800000, 0x0000000710a00000, 0x0000000710a00000|100%| O|  |TAMS 0x0000000710a00000| PB 0x0000000710a00000| Untracked 
| 100|0x0000000710a00000, 0x0000000710c00000, 0x0000000710c00000|100%| O|  |TAMS 0x0000000710c00000| PB 0x0000000710c00000| Untracked 
| 101|0x0000000710c00000, 0x0000000710e00000, 0x0000000710e00000|100%| O|  |TAMS 0x0000000710e00000| PB 0x0000000710e00000| Untracked 
| 102|0x0000000710e00000, 0x0000000711000000, 0x0000000711000000|100%| O|  |TAMS 0x0000000711000000| PB 0x0000000711000000| Untracked 
| 103|0x0000000711000000, 0x0000000711200000, 0x0000000711200000|100%| O|  |TAMS 0x0000000711200000| PB 0x0000000711200000| Untracked 
| 104|0x0000000711200000, 0x0000000711400000, 0x0000000711400000|100%| O|  |TAMS 0x0000000711400000| PB 0x0000000711400000| Untracked 
| 105|0x0000000711400000, 0x0000000711600000, 0x0000000711600000|100%| O|  |TAMS 0x0000000711600000| PB 0x0000000711600000| Untracked 
| 106|0x0000000711600000, 0x0000000711800000, 0x0000000711800000|100%| O|  |TAMS 0x0000000711800000| PB 0x0000000711800000| Untracked 
| 107|0x0000000711800000, 0x0000000711a00000, 0x0000000711a00000|100%| O|  |TAMS 0x0000000711a00000| PB 0x0000000711a00000| Untracked 
| 108|0x0000000711a00000, 0x0000000711c00000, 0x0000000711c00000|100%| O|  |TAMS 0x0000000711c00000| PB 0x0000000711c00000| Untracked 
| 109|0x0000000711c00000, 0x0000000711e00000, 0x0000000711e00000|100%| O|  |TAMS 0x0000000711e00000| PB 0x0000000711e00000| Untracked 
| 110|0x0000000711e00000, 0x0000000712000000, 0x0000000712000000|100%| O|  |TAMS 0x0000000712000000| PB 0x0000000712000000| Untracked 
| 111|0x0000000712000000, 0x0000000712200000, 0x0000000712200000|100%| O|  |TAMS 0x0000000712200000| PB 0x0000000712200000| Untracked 
| 112|0x0000000712200000, 0x0000000712400000, 0x0000000712400000|100%| O|  |TAMS 0x0000000712400000| PB 0x0000000712400000| Untracked 
| 113|0x0000000712400000, 0x0000000712600000, 0x0000000712600000|100%| O|  |TAMS 0x0000000712600000| PB 0x0000000712600000| Updating 
| 114|0x0000000712600000, 0x0000000712800000, 0x0000000712800000|100%| O|  |TAMS 0x0000000712800000| PB 0x0000000712800000| Untracked 
| 115|0x0000000712800000, 0x0000000712a00000, 0x0000000712a00000|100%| O|  |TAMS 0x0000000712a00000| PB 0x0000000712a00000| Updating 
| 116|0x0000000712a00000, 0x0000000712c00000, 0x0000000712c00000|100%| O|  |TAMS 0x0000000712c00000| PB 0x0000000712c00000| Untracked 
| 117|0x0000000712c00000, 0x0000000712e00000, 0x0000000712e00000|100%| O|  |TAMS 0x0000000712e00000| PB 0x0000000712e00000| Untracked 
| 118|0x0000000712e00000, 0x0000000713000000, 0x0000000713000000|100%| O|  |TAMS 0x0000000713000000| PB 0x0000000713000000| Untracked 
| 119|0x0000000713000000, 0x0000000713200000, 0x0000000713200000|100%| O|  |TAMS 0x0000000713200000| PB 0x0000000713200000| Untracked 
| 120|0x0000000713200000, 0x0000000713400000, 0x0000000713400000|100%| O|  |TAMS 0x0000000713400000| PB 0x0000000713400000| Untracked 
| 121|0x0000000713400000, 0x0000000713600000, 0x0000000713600000|100%| O|  |TAMS 0x0000000713600000| PB 0x0000000713600000| Untracked 
| 122|0x0000000713600000, 0x0000000713800000, 0x0000000713800000|100%| O|  |TAMS 0x0000000713800000| PB 0x0000000713800000| Untracked 
| 123|0x0000000713800000, 0x0000000713a00000, 0x0000000713a00000|100%| O|  |TAMS 0x0000000713a00000| PB 0x0000000713a00000| Untracked 
| 124|0x0000000713a00000, 0x0000000713c00000, 0x0000000713c00000|100%| O|  |TAMS 0x0000000713c00000| PB 0x0000000713c00000| Updating 
| 125|0x0000000713c00000, 0x0000000713e00000, 0x0000000713e00000|100%| O|  |TAMS 0x0000000713e00000| PB 0x0000000713e00000| Untracked 
| 126|0x0000000713e00000, 0x0000000714000000, 0x0000000714000000|100%| O|  |TAMS 0x0000000714000000| PB 0x0000000714000000| Untracked 
| 127|0x0000000714000000, 0x0000000714200000, 0x0000000714200000|100%| O|  |TAMS 0x0000000714200000| PB 0x0000000714200000| Updating 
| 128|0x0000000714200000, 0x0000000714400000, 0x0000000714400000|100%| O|  |TAMS 0x0000000714400000| PB 0x0000000714400000| Untracked 
| 129|0x0000000714400000, 0x0000000714600000, 0x0000000714600000|100%| O|  |TAMS 0x0000000714600000| PB 0x0000000714600000| Untracked 
| 130|0x0000000714600000, 0x0000000714800000, 0x0000000714800000|100%| O|  |TAMS 0x0000000714800000| PB 0x0000000714800000| Updating 
| 131|0x0000000714800000, 0x0000000714a00000, 0x0000000714a00000|100%| O|  |TAMS 0x0000000714a00000| PB 0x0000000714a00000| Untracked 
| 132|0x0000000714a00000, 0x0000000714c00000, 0x0000000714c00000|100%| O|  |TAMS 0x0000000714c00000| PB 0x0000000714c00000| Untracked 
| 133|0x0000000714c00000, 0x0000000714e00000, 0x0000000714e00000|100%| O|  |TAMS 0x0000000714e00000| PB 0x0000000714e00000| Untracked 
| 134|0x0000000714e00000, 0x0000000715000000, 0x0000000715000000|100%| O|  |TAMS 0x0000000715000000| PB 0x0000000715000000| Untracked 
| 135|0x0000000715000000, 0x0000000715200000, 0x0000000715200000|100%| O|  |TAMS 0x0000000715200000| PB 0x0000000715200000| Untracked 
| 136|0x0000000715200000, 0x0000000715400000, 0x0000000715400000|100%| O|  |TAMS 0x0000000715400000| PB 0x0000000715400000| Untracked 
| 137|0x0000000715400000, 0x0000000715600000, 0x0000000715600000|100%| O|  |TAMS 0x0000000715600000| PB 0x0000000715600000| Untracked 
| 138|0x0000000715600000, 0x0000000715800000, 0x0000000715800000|100%| O|  |TAMS 0x0000000715800000| PB 0x0000000715800000| Untracked 
| 139|0x0000000715800000, 0x0000000715a00000, 0x0000000715a00000|100%| O|  |TAMS 0x0000000715a00000| PB 0x0000000715a00000| Untracked 
| 140|0x0000000715a00000, 0x0000000715c00000, 0x0000000715c00000|100%| O|  |TAMS 0x0000000715c00000| PB 0x0000000715c00000| Updating 
| 141|0x0000000715c00000, 0x0000000715e00000, 0x0000000715e00000|100%| O|  |TAMS 0x0000000715e00000| PB 0x0000000715e00000| Untracked 
| 142|0x0000000715e00000, 0x0000000716000000, 0x0000000716000000|100%| O|  |TAMS 0x0000000716000000| PB 0x0000000716000000| Updating 
| 143|0x0000000716000000, 0x0000000716200000, 0x0000000716200000|100%| O|  |TAMS 0x0000000716200000| PB 0x0000000716200000| Untracked 
| 144|0x0000000716200000, 0x0000000716400000, 0x0000000716400000|100%| O|  |TAMS 0x0000000716400000| PB 0x0000000716400000| Untracked 
| 145|0x0000000716400000, 0x0000000716600000, 0x0000000716600000|100%| O|  |TAMS 0x0000000716600000| PB 0x0000000716600000| Untracked 
| 146|0x0000000716600000, 0x0000000716800000, 0x0000000716800000|100%| O|  |TAMS 0x0000000716800000| PB 0x0000000716800000| Untracked 
| 147|0x0000000716800000, 0x0000000716a00000, 0x0000000716a00000|100%| O|  |TAMS 0x0000000716a00000| PB 0x0000000716a00000| Untracked 
| 148|0x0000000716a00000, 0x0000000716c00000, 0x0000000716c00000|100%| O|  |TAMS 0x0000000716c00000| PB 0x0000000716c00000| Untracked 
| 149|0x0000000716c00000, 0x0000000716e00000, 0x0000000716e00000|100%| O|  |TAMS 0x0000000716e00000| PB 0x0000000716e00000| Untracked 
| 150|0x0000000716e00000, 0x0000000717000000, 0x0000000717000000|100%| O|  |TAMS 0x0000000717000000| PB 0x0000000717000000| Untracked 
| 151|0x0000000717000000, 0x0000000717200000, 0x0000000717200000|100%| O|  |TAMS 0x0000000717200000| PB 0x0000000717200000| Untracked 
| 152|0x0000000717200000, 0x0000000717400000, 0x0000000717400000|100%| O|  |TAMS 0x0000000717400000| PB 0x0000000717400000| Untracked 
| 153|0x0000000717400000, 0x0000000717600000, 0x0000000717600000|100%| O|  |TAMS 0x0000000717600000| PB 0x0000000717600000| Untracked 
| 154|0x0000000717600000, 0x0000000717800000, 0x0000000717800000|100%| O|  |TAMS 0x0000000717800000| PB 0x0000000717800000| Untracked 
| 155|0x0000000717800000, 0x0000000717a00000, 0x0000000717a00000|100%| O|  |TAMS 0x0000000717a00000| PB 0x0000000717a00000| Untracked 
| 156|0x0000000717a00000, 0x0000000717c00000, 0x0000000717c00000|100%| O|  |TAMS 0x0000000717c00000| PB 0x0000000717c00000| Untracked 
| 157|0x0000000717c00000, 0x0000000717e00000, 0x0000000717e00000|100%| O|  |TAMS 0x0000000717e00000| PB 0x0000000717e00000| Untracked 
| 158|0x0000000717e00000, 0x0000000718000000, 0x0000000718000000|100%| O|  |TAMS 0x0000000718000000| PB 0x0000000718000000| Untracked 
| 159|0x0000000718000000, 0x0000000718200000, 0x0000000718200000|100%| O|  |TAMS 0x0000000718200000| PB 0x0000000718200000| Untracked 
| 160|0x0000000718200000, 0x0000000718400000, 0x0000000718400000|100%| O|  |TAMS 0x0000000718400000| PB 0x0000000718400000| Untracked 
| 161|0x0000000718400000, 0x0000000718600000, 0x0000000718600000|100%| O|  |TAMS 0x0000000718600000| PB 0x0000000718600000| Untracked 
| 162|0x0000000718600000, 0x0000000718800000, 0x0000000718800000|100%| O|  |TAMS 0x0000000718800000| PB 0x0000000718800000| Untracked 
| 163|0x0000000718800000, 0x0000000718a00000, 0x0000000718a00000|100%| O|  |TAMS 0x0000000718a00000| PB 0x0000000718a00000| Untracked 
| 164|0x0000000718a00000, 0x0000000718c00000, 0x0000000718c00000|100%| O|  |TAMS 0x0000000718c00000| PB 0x0000000718c00000| Untracked 
| 165|0x0000000718c00000, 0x0000000718e00000, 0x0000000718e00000|100%| O|  |TAMS 0x0000000718e00000| PB 0x0000000718e00000| Untracked 
| 166|0x0000000718e00000, 0x0000000719000000, 0x0000000719000000|100%| O|  |TAMS 0x0000000719000000| PB 0x0000000719000000| Updating 
| 167|0x0000000719000000, 0x0000000719200000, 0x0000000719200000|100%| O|  |TAMS 0x0000000719200000| PB 0x0000000719200000| Updating 
| 168|0x0000000719200000, 0x0000000719400000, 0x0000000719400000|100%| O|  |TAMS 0x0000000719400000| PB 0x0000000719400000| Untracked 
| 169|0x0000000719400000, 0x0000000719600000, 0x0000000719600000|100%| O|  |TAMS 0x0000000719600000| PB 0x0000000719600000| Untracked 
| 170|0x0000000719600000, 0x0000000719800000, 0x0000000719800000|100%| O|  |TAMS 0x0000000719800000| PB 0x0000000719800000| Untracked 
| 171|0x0000000719800000, 0x0000000719a00000, 0x0000000719a00000|100%| O|  |TAMS 0x0000000719a00000| PB 0x0000000719a00000| Untracked 
| 172|0x0000000719a00000, 0x0000000719c00000, 0x0000000719c00000|100%| O|  |TAMS 0x0000000719c00000| PB 0x0000000719c00000| Untracked 
| 173|0x0000000719c00000, 0x0000000719e00000, 0x0000000719e00000|100%| O|  |TAMS 0x0000000719e00000| PB 0x0000000719e00000| Untracked 
| 174|0x0000000719e00000, 0x000000071a000000, 0x000000071a000000|100%| O|  |TAMS 0x000000071a000000| PB 0x000000071a000000| Untracked 
| 175|0x000000071a000000, 0x000000071a200000, 0x000000071a200000|100%| O|  |TAMS 0x000000071a200000| PB 0x000000071a200000| Untracked 
| 176|0x000000071a200000, 0x000000071a400000, 0x000000071a400000|100%| O|  |TAMS 0x000000071a400000| PB 0x000000071a400000| Untracked 
| 177|0x000000071a400000, 0x000000071a600000, 0x000000071a600000|100%| O|  |TAMS 0x000000071a600000| PB 0x000000071a600000| Untracked 
| 178|0x000000071a600000, 0x000000071a800000, 0x000000071a800000|100%| O|  |TAMS 0x000000071a800000| PB 0x000000071a800000| Untracked 
| 179|0x000000071a800000, 0x000000071aa00000, 0x000000071aa00000|100%| O|  |TAMS 0x000000071aa00000| PB 0x000000071aa00000| Untracked 
| 180|0x000000071aa00000, 0x000000071ac00000, 0x000000071ac00000|100%| O|  |TAMS 0x000000071ac00000| PB 0x000000071ac00000| Untracked 
| 181|0x000000071ac00000, 0x000000071ae00000, 0x000000071ae00000|100%| O|  |TAMS 0x000000071ae00000| PB 0x000000071ae00000| Untracked 
| 182|0x000000071ae00000, 0x000000071b000000, 0x000000071b000000|100%| O|  |TAMS 0x000000071b000000| PB 0x000000071b000000| Updating 
| 183|0x000000071b000000, 0x000000071b200000, 0x000000071b200000|100%| O|  |TAMS 0x000000071b200000| PB 0x000000071b200000| Untracked 
| 184|0x000000071b200000, 0x000000071b400000, 0x000000071b400000|100%| O|  |TAMS 0x000000071b400000| PB 0x000000071b400000| Untracked 
| 185|0x000000071b400000, 0x000000071b600000, 0x000000071b600000|100%| O|  |TAMS 0x000000071b600000| PB 0x000000071b600000| Updating 
| 186|0x000000071b600000, 0x000000071b800000, 0x000000071b800000|100%| O|  |TAMS 0x000000071b800000| PB 0x000000071b800000| Untracked 
| 187|0x000000071b800000, 0x000000071ba00000, 0x000000071ba00000|100%| O|  |TAMS 0x000000071ba00000| PB 0x000000071ba00000| Untracked 
| 188|0x000000071ba00000, 0x000000071bc00000, 0x000000071bc00000|100%| O|  |TAMS 0x000000071bc00000| PB 0x000000071bc00000| Untracked 
| 189|0x000000071bc00000, 0x000000071be00000, 0x000000071be00000|100%| O|  |TAMS 0x000000071be00000| PB 0x000000071be00000| Untracked 
| 190|0x000000071be00000, 0x000000071c000000, 0x000000071c000000|100%| O|  |TAMS 0x000000071c000000| PB 0x000000071c000000| Untracked 
| 191|0x000000071c000000, 0x000000071c200000, 0x000000071c200000|100%| O|  |TAMS 0x000000071c200000| PB 0x000000071c200000| Untracked 
| 192|0x000000071c200000, 0x000000071c400000, 0x000000071c400000|100%| O|  |TAMS 0x000000071c400000| PB 0x000000071c400000| Untracked 
| 193|0x000000071c400000, 0x000000071c600000, 0x000000071c600000|100%| O|  |TAMS 0x000000071c600000| PB 0x000000071c600000| Untracked 
| 194|0x000000071c600000, 0x000000071c800000, 0x000000071c800000|100%| O|  |TAMS 0x000000071c800000| PB 0x000000071c800000| Untracked 
| 195|0x000000071c800000, 0x000000071ca00000, 0x000000071ca00000|100%| O|  |TAMS 0x000000071ca00000| PB 0x000000071ca00000| Untracked 
| 196|0x000000071ca00000, 0x000000071cc00000, 0x000000071cc00000|100%| O|  |TAMS 0x000000071cc00000| PB 0x000000071cc00000| Untracked 
| 197|0x000000071cc00000, 0x000000071ce00000, 0x000000071ce00000|100%| O|  |TAMS 0x000000071ce00000| PB 0x000000071ce00000| Untracked 
| 198|0x000000071ce00000, 0x000000071d000000, 0x000000071d000000|100%| O|  |TAMS 0x000000071d000000| PB 0x000000071d000000| Updating 
| 199|0x000000071d000000, 0x000000071d200000, 0x000000071d200000|100%| O|  |TAMS 0x000000071d200000| PB 0x000000071d200000| Updating 
| 200|0x000000071d200000, 0x000000071d400000, 0x000000071d400000|100%| O|  |TAMS 0x000000071d400000| PB 0x000000071d400000| Untracked 
| 201|0x000000071d400000, 0x000000071d600000, 0x000000071d600000|100%| O|  |TAMS 0x000000071d600000| PB 0x000000071d600000| Updating 
| 202|0x000000071d600000, 0x000000071d800000, 0x000000071d800000|100%| O|  |TAMS 0x000000071d800000| PB 0x000000071d800000| Untracked 
| 203|0x000000071d800000, 0x000000071da00000, 0x000000071da00000|100%| O|  |TAMS 0x000000071da00000| PB 0x000000071da00000| Untracked 
| 204|0x000000071da00000, 0x000000071dc00000, 0x000000071dc00000|100%| O|  |TAMS 0x000000071dc00000| PB 0x000000071dc00000| Untracked 
| 205|0x000000071dc00000, 0x000000071de00000, 0x000000071de00000|100%| O|  |TAMS 0x000000071de00000| PB 0x000000071de00000| Untracked 
| 206|0x000000071de00000, 0x000000071e000000, 0x000000071e000000|100%| O|  |TAMS 0x000000071e000000| PB 0x000000071e000000| Untracked 
| 207|0x000000071e000000, 0x000000071e200000, 0x000000071e200000|100%| O|  |TAMS 0x000000071e200000| PB 0x000000071e200000| Untracked 
| 208|0x000000071e200000, 0x000000071e400000, 0x000000071e400000|100%| O|  |TAMS 0x000000071e400000| PB 0x000000071e400000| Untracked 
| 209|0x000000071e400000, 0x000000071e600000, 0x000000071e600000|100%| O|  |TAMS 0x000000071e600000| PB 0x000000071e600000| Untracked 
| 210|0x000000071e600000, 0x000000071e800000, 0x000000071e800000|100%| O|  |TAMS 0x000000071e800000| PB 0x000000071e800000| Untracked 
| 211|0x000000071e800000, 0x000000071ea00000, 0x000000071ea00000|100%| O|  |TAMS 0x000000071ea00000| PB 0x000000071ea00000| Untracked 
| 212|0x000000071ea00000, 0x000000071ec00000, 0x000000071ec00000|100%| O|  |TAMS 0x000000071ec00000| PB 0x000000071ec00000| Untracked 
| 213|0x000000071ec00000, 0x000000071ee00000, 0x000000071ee00000|100%| O|  |TAMS 0x000000071ee00000| PB 0x000000071ee00000| Untracked 
| 214|0x000000071ee00000, 0x000000071f000000, 0x000000071f000000|100%| O|  |TAMS 0x000000071f000000| PB 0x000000071f000000| Untracked 
| 215|0x000000071f000000, 0x000000071f200000, 0x000000071f200000|100%| O|  |TAMS 0x000000071f200000| PB 0x000000071f200000| Untracked 
| 216|0x000000071f200000, 0x000000071f400000, 0x000000071f400000|100%| O|  |TAMS 0x000000071f400000| PB 0x000000071f400000| Untracked 
| 217|0x000000071f400000, 0x000000071f600000, 0x000000071f600000|100%| O|  |TAMS 0x000000071f600000| PB 0x000000071f600000| Untracked 
| 218|0x000000071f600000, 0x000000071f800000, 0x000000071f800000|100%| O|  |TAMS 0x000000071f800000| PB 0x000000071f800000| Untracked 
| 219|0x000000071f800000, 0x000000071fa00000, 0x000000071fa00000|100%| O|  |TAMS 0x000000071fa00000| PB 0x000000071fa00000| Untracked 
| 220|0x000000071fa00000, 0x000000071fc00000, 0x000000071fc00000|100%| O|  |TAMS 0x000000071fc00000| PB 0x000000071fc00000| Untracked 
| 221|0x000000071fc00000, 0x000000071fe00000, 0x000000071fe00000|100%| O|  |TAMS 0x000000071fe00000| PB 0x000000071fe00000| Untracked 
| 222|0x000000071fe00000, 0x0000000720000000, 0x0000000720000000|100%| O|  |TAMS 0x0000000720000000| PB 0x0000000720000000| Untracked 
| 223|0x0000000720000000, 0x0000000720200000, 0x0000000720200000|100%| O|  |TAMS 0x0000000720200000| PB 0x0000000720200000| Untracked 
| 224|0x0000000720200000, 0x0000000720400000, 0x0000000720400000|100%| O|  |TAMS 0x0000000720400000| PB 0x0000000720400000| Untracked 
| 225|0x0000000720400000, 0x0000000720600000, 0x0000000720600000|100%| O|  |TAMS 0x0000000720600000| PB 0x0000000720600000| Untracked 
| 226|0x0000000720600000, 0x0000000720800000, 0x0000000720800000|100%| O|  |TAMS 0x0000000720800000| PB 0x0000000720800000| Untracked 
| 227|0x0000000720800000, 0x0000000720a00000, 0x0000000720a00000|100%| O|  |TAMS 0x0000000720a00000| PB 0x0000000720a00000| Untracked 
| 228|0x0000000720a00000, 0x0000000720c00000, 0x0000000720c00000|100%| O|  |TAMS 0x0000000720c00000| PB 0x0000000720c00000| Untracked 
| 229|0x0000000720c00000, 0x0000000720e00000, 0x0000000720e00000|100%| O|  |TAMS 0x0000000720e00000| PB 0x0000000720e00000| Untracked 
| 230|0x0000000720e00000, 0x0000000721000000, 0x0000000721000000|100%| O|  |TAMS 0x0000000721000000| PB 0x0000000721000000| Untracked 
| 231|0x0000000721000000, 0x0000000721200000, 0x0000000721200000|100%| O|  |TAMS 0x0000000721200000| PB 0x0000000721200000| Updating 
| 232|0x0000000721200000, 0x0000000721400000, 0x0000000721400000|100%| O|  |TAMS 0x0000000721400000| PB 0x0000000721400000| Untracked 
| 233|0x0000000721400000, 0x0000000721600000, 0x0000000721600000|100%| O|  |TAMS 0x0000000721600000| PB 0x0000000721600000| Untracked 
| 234|0x0000000721600000, 0x0000000721800000, 0x0000000721800000|100%| O|  |TAMS 0x0000000721800000| PB 0x0000000721800000| Untracked 
| 235|0x0000000721800000, 0x0000000721a00000, 0x0000000721a00000|100%| O|  |TAMS 0x0000000721a00000| PB 0x0000000721a00000| Untracked 
| 236|0x0000000721a00000, 0x0000000721c00000, 0x0000000721c00000|100%| O|  |TAMS 0x0000000721c00000| PB 0x0000000721c00000| Untracked 
| 237|0x0000000721c00000, 0x0000000721e00000, 0x0000000721e00000|100%| O|  |TAMS 0x0000000721e00000| PB 0x0000000721e00000| Untracked 
| 238|0x0000000721e00000, 0x0000000722000000, 0x0000000722000000|100%| O|  |TAMS 0x0000000722000000| PB 0x0000000722000000| Untracked 
| 239|0x0000000722000000, 0x0000000722200000, 0x0000000722200000|100%| O|  |TAMS 0x0000000722200000| PB 0x0000000722200000| Untracked 
| 240|0x0000000722200000, 0x0000000722400000, 0x0000000722400000|100%| O|  |TAMS 0x0000000722400000| PB 0x0000000722400000| Untracked 
| 241|0x0000000722400000, 0x0000000722600000, 0x0000000722600000|100%| O|  |TAMS 0x0000000722600000| PB 0x0000000722600000| Untracked 
| 242|0x0000000722600000, 0x0000000722800000, 0x0000000722800000|100%| O|  |TAMS 0x0000000722800000| PB 0x0000000722800000| Untracked 
| 243|0x0000000722800000, 0x0000000722a00000, 0x0000000722a00000|100%| O|  |TAMS 0x0000000722a00000| PB 0x0000000722a00000| Untracked 
| 244|0x0000000722a00000, 0x0000000722c00000, 0x0000000722c00000|100%| O|  |TAMS 0x0000000722c00000| PB 0x0000000722c00000| Untracked 
| 245|0x0000000722c00000, 0x0000000722e00000, 0x0000000722e00000|100%| O|  |TAMS 0x0000000722e00000| PB 0x0000000722e00000| Untracked 
| 246|0x0000000722e00000, 0x0000000723000000, 0x0000000723000000|100%| O|  |TAMS 0x0000000723000000| PB 0x0000000723000000| Untracked 
| 247|0x0000000723000000, 0x0000000723200000, 0x0000000723200000|100%| O|  |TAMS 0x0000000723200000| PB 0x0000000723200000| Untracked 
| 248|0x0000000723200000, 0x0000000723400000, 0x0000000723400000|100%| O|  |TAMS 0x0000000723400000| PB 0x0000000723400000| Updating 
| 249|0x0000000723400000, 0x0000000723600000, 0x0000000723600000|100%| O|  |TAMS 0x0000000723600000| PB 0x0000000723600000| Untracked 
| 250|0x0000000723600000, 0x0000000723800000, 0x0000000723800000|100%| O|  |TAMS 0x0000000723800000| PB 0x0000000723800000| Untracked 
| 251|0x0000000723800000, 0x0000000723a00000, 0x0000000723a00000|100%| O|  |TAMS 0x0000000723a00000| PB 0x0000000723a00000| Updating 
| 252|0x0000000723a00000, 0x0000000723c00000, 0x0000000723c00000|100%| O|  |TAMS 0x0000000723c00000| PB 0x0000000723c00000| Untracked 
| 253|0x0000000723c00000, 0x0000000723e00000, 0x0000000723e00000|100%| O|  |TAMS 0x0000000723e00000| PB 0x0000000723e00000| Untracked 
| 254|0x0000000723e00000, 0x0000000724000000, 0x0000000724000000|100%| O|  |TAMS 0x0000000724000000| PB 0x0000000724000000| Untracked 
| 255|0x0000000724000000, 0x0000000724200000, 0x0000000724200000|100%| O|  |TAMS 0x0000000724200000| PB 0x0000000724200000| Untracked 
| 256|0x0000000724200000, 0x0000000724400000, 0x0000000724400000|100%| O|  |TAMS 0x0000000724400000| PB 0x0000000724400000| Untracked 
| 257|0x0000000724400000, 0x0000000724600000, 0x0000000724600000|100%| O|  |TAMS 0x0000000724600000| PB 0x0000000724600000| Untracked 
| 258|0x0000000724600000, 0x0000000724800000, 0x0000000724800000|100%| O|  |TAMS 0x0000000724800000| PB 0x0000000724800000| Untracked 
| 259|0x0000000724800000, 0x0000000724a00000, 0x0000000724a00000|100%| O|  |TAMS 0x0000000724a00000| PB 0x0000000724a00000| Untracked 
| 260|0x0000000724a00000, 0x0000000724c00000, 0x0000000724c00000|100%| O|  |TAMS 0x0000000724c00000| PB 0x0000000724c00000| Untracked 
| 261|0x0000000724c00000, 0x0000000724e00000, 0x0000000724e00000|100%| O|  |TAMS 0x0000000724e00000| PB 0x0000000724e00000| Untracked 
| 262|0x0000000724e00000, 0x0000000725000000, 0x0000000725000000|100%| O|  |TAMS 0x0000000725000000| PB 0x0000000725000000| Untracked 
| 263|0x0000000725000000, 0x0000000725200000, 0x0000000725200000|100%| O|  |TAMS 0x0000000725200000| PB 0x0000000725200000| Untracked 
| 264|0x0000000725200000, 0x0000000725400000, 0x0000000725400000|100%| O|  |TAMS 0x0000000725400000| PB 0x0000000725400000| Untracked 
| 265|0x0000000725400000, 0x0000000725600000, 0x0000000725600000|100%| O|  |TAMS 0x0000000725600000| PB 0x0000000725600000| Untracked 
| 266|0x0000000725600000, 0x0000000725800000, 0x0000000725800000|100%| O|  |TAMS 0x0000000725800000| PB 0x0000000725800000| Untracked 
| 267|0x0000000725800000, 0x0000000725a00000, 0x0000000725a00000|100%| O|  |TAMS 0x0000000725a00000| PB 0x0000000725a00000| Untracked 
| 268|0x0000000725a00000, 0x0000000725c00000, 0x0000000725c00000|100%| O|  |TAMS 0x0000000725c00000| PB 0x0000000725c00000| Untracked 
| 269|0x0000000725c00000, 0x0000000725e00000, 0x0000000725e00000|100%| O|  |TAMS 0x0000000725e00000| PB 0x0000000725e00000| Untracked 
| 270|0x0000000725e00000, 0x0000000726000000, 0x0000000726000000|100%| O|  |TAMS 0x0000000726000000| PB 0x0000000726000000| Updating 
| 271|0x0000000726000000, 0x0000000726200000, 0x0000000726200000|100%| O|  |TAMS 0x0000000726200000| PB 0x0000000726200000| Untracked 
| 272|0x0000000726200000, 0x0000000726400000, 0x0000000726400000|100%| O|  |TAMS 0x0000000726400000| PB 0x0000000726400000| Updating 
| 273|0x0000000726400000, 0x0000000726600000, 0x0000000726600000|100%| O|  |TAMS 0x0000000726600000| PB 0x0000000726600000| Untracked 
| 274|0x0000000726600000, 0x0000000726800000, 0x0000000726800000|100%| O|  |TAMS 0x0000000726800000| PB 0x0000000726800000| Untracked 
| 275|0x0000000726800000, 0x0000000726a00000, 0x0000000726a00000|100%| O|  |TAMS 0x0000000726a00000| PB 0x0000000726a00000| Untracked 
| 276|0x0000000726a00000, 0x0000000726c00000, 0x0000000726c00000|100%| O|  |TAMS 0x0000000726c00000| PB 0x0000000726c00000| Untracked 
| 277|0x0000000726c00000, 0x0000000726e00000, 0x0000000726e00000|100%| O|  |TAMS 0x0000000726e00000| PB 0x0000000726e00000| Untracked 
| 278|0x0000000726e00000, 0x0000000727000000, 0x0000000727000000|100%| O|  |TAMS 0x0000000727000000| PB 0x0000000727000000| Untracked 
| 279|0x0000000727000000, 0x0000000727200000, 0x0000000727200000|100%| O|  |TAMS 0x0000000727200000| PB 0x0000000727200000| Untracked 
| 280|0x0000000727200000, 0x0000000727400000, 0x0000000727400000|100%| O|  |TAMS 0x0000000727400000| PB 0x0000000727400000| Untracked 
| 281|0x0000000727400000, 0x0000000727600000, 0x0000000727600000|100%| O|  |TAMS 0x0000000727600000| PB 0x0000000727600000| Untracked 
| 282|0x0000000727600000, 0x0000000727800000, 0x0000000727800000|100%| O|  |TAMS 0x0000000727800000| PB 0x0000000727800000| Untracked 
| 283|0x0000000727800000, 0x0000000727a00000, 0x0000000727a00000|100%| O|  |TAMS 0x0000000727a00000| PB 0x0000000727a00000| Untracked 
| 284|0x0000000727a00000, 0x0000000727c00000, 0x0000000727c00000|100%| O|  |TAMS 0x0000000727c00000| PB 0x0000000727c00000| Untracked 
| 285|0x0000000727c00000, 0x0000000727e00000, 0x0000000727e00000|100%| O|  |TAMS 0x0000000727e00000| PB 0x0000000727e00000| Untracked 
| 286|0x0000000727e00000, 0x0000000728000000, 0x0000000728000000|100%| O|  |TAMS 0x0000000728000000| PB 0x0000000728000000| Untracked 
| 287|0x0000000728000000, 0x0000000728200000, 0x0000000728200000|100%| O|  |TAMS 0x0000000728200000| PB 0x0000000728200000| Untracked 
| 288|0x0000000728200000, 0x0000000728400000, 0x0000000728400000|100%| O|  |TAMS 0x0000000728400000| PB 0x0000000728400000| Untracked 
| 289|0x0000000728400000, 0x0000000728600000, 0x0000000728600000|100%| O|  |TAMS 0x0000000728600000| PB 0x0000000728600000| Untracked 
| 290|0x0000000728600000, 0x0000000728800000, 0x0000000728800000|100%| O|  |TAMS 0x0000000728800000| PB 0x0000000728800000| Untracked 
| 291|0x0000000728800000, 0x0000000728a00000, 0x0000000728a00000|100%| O|  |TAMS 0x0000000728a00000| PB 0x0000000728a00000| Untracked 
| 292|0x0000000728a00000, 0x0000000728c00000, 0x0000000728c00000|100%| O|  |TAMS 0x0000000728c00000| PB 0x0000000728c00000| Untracked 
| 293|0x0000000728c00000, 0x0000000728e00000, 0x0000000728e00000|100%| O|  |TAMS 0x0000000728e00000| PB 0x0000000728e00000| Untracked 
| 294|0x0000000728e00000, 0x0000000729000000, 0x0000000729000000|100%| O|  |TAMS 0x0000000729000000| PB 0x0000000729000000| Untracked 
| 295|0x0000000729000000, 0x0000000729200000, 0x0000000729200000|100%| O|  |TAMS 0x0000000729200000| PB 0x0000000729200000| Untracked 
| 296|0x0000000729200000, 0x0000000729400000, 0x0000000729400000|100%| O|  |TAMS 0x0000000729400000| PB 0x0000000729400000| Untracked 
| 297|0x0000000729400000, 0x0000000729600000, 0x0000000729600000|100%| O|  |TAMS 0x0000000729600000| PB 0x0000000729600000| Untracked 
| 298|0x0000000729600000, 0x0000000729800000, 0x0000000729800000|100%| O|  |TAMS 0x0000000729800000| PB 0x0000000729800000| Untracked 
| 299|0x0000000729800000, 0x0000000729a00000, 0x0000000729a00000|100%| O|  |TAMS 0x0000000729a00000| PB 0x0000000729a00000| Untracked 
| 300|0x0000000729a00000, 0x0000000729c00000, 0x0000000729c00000|100%| O|  |TAMS 0x0000000729c00000| PB 0x0000000729c00000| Untracked 
| 301|0x0000000729c00000, 0x0000000729e00000, 0x0000000729e00000|100%| O|  |TAMS 0x0000000729e00000| PB 0x0000000729e00000| Untracked 
| 302|0x0000000729e00000, 0x000000072a000000, 0x000000072a000000|100%| O|  |TAMS 0x000000072a000000| PB 0x000000072a000000| Untracked 
| 303|0x000000072a000000, 0x000000072a200000, 0x000000072a200000|100%| O|  |TAMS 0x000000072a200000| PB 0x000000072a200000| Untracked 
| 304|0x000000072a200000, 0x000000072a400000, 0x000000072a400000|100%| O|  |TAMS 0x000000072a400000| PB 0x000000072a400000| Untracked 
| 305|0x000000072a400000, 0x000000072a600000, 0x000000072a600000|100%| O|  |TAMS 0x000000072a600000| PB 0x000000072a600000| Untracked 
| 306|0x000000072a600000, 0x000000072a800000, 0x000000072a800000|100%| O|  |TAMS 0x000000072a800000| PB 0x000000072a800000| Untracked 
| 307|0x000000072a800000, 0x000000072aa00000, 0x000000072aa00000|100%| O|  |TAMS 0x000000072aa00000| PB 0x000000072aa00000| Untracked 
| 308|0x000000072aa00000, 0x000000072ac00000, 0x000000072ac00000|100%| O|  |TAMS 0x000000072ac00000| PB 0x000000072ac00000| Untracked 
| 309|0x000000072ac00000, 0x000000072ae00000, 0x000000072ae00000|100%| O|  |TAMS 0x000000072ae00000| PB 0x000000072ae00000| Untracked 
| 310|0x000000072ae00000, 0x000000072b000000, 0x000000072b000000|100%| O|  |TAMS 0x000000072b000000| PB 0x000000072b000000| Untracked 
| 311|0x000000072b000000, 0x000000072b200000, 0x000000072b200000|100%| O|  |TAMS 0x000000072b200000| PB 0x000000072b200000| Untracked 
| 312|0x000000072b200000, 0x000000072b400000, 0x000000072b400000|100%| O|  |TAMS 0x000000072b400000| PB 0x000000072b400000| Untracked 
| 313|0x000000072b400000, 0x000000072b600000, 0x000000072b600000|100%| O|  |TAMS 0x000000072b600000| PB 0x000000072b600000| Untracked 
| 314|0x000000072b600000, 0x000000072b800000, 0x000000072b800000|100%| O|  |TAMS 0x000000072b800000| PB 0x000000072b800000| Untracked 
| 315|0x000000072b800000, 0x000000072ba00000, 0x000000072ba00000|100%| O|  |TAMS 0x000000072ba00000| PB 0x000000072ba00000| Untracked 
| 316|0x000000072ba00000, 0x000000072bc00000, 0x000000072bc00000|100%| O|  |TAMS 0x000000072bc00000| PB 0x000000072bc00000| Updating 
| 317|0x000000072bc00000, 0x000000072be00000, 0x000000072be00000|100%| O|  |TAMS 0x000000072be00000| PB 0x000000072be00000| Untracked 
| 318|0x000000072be00000, 0x000000072c000000, 0x000000072c000000|100%| O|  |TAMS 0x000000072c000000| PB 0x000000072c000000| Untracked 
| 319|0x000000072c000000, 0x000000072c200000, 0x000000072c200000|100%| O|  |TAMS 0x000000072c200000| PB 0x000000072c200000| Updating 
| 320|0x000000072c200000, 0x000000072c400000, 0x000000072c400000|100%| O|  |TAMS 0x000000072c400000| PB 0x000000072c400000| Untracked 
| 321|0x000000072c400000, 0x000000072c600000, 0x000000072c600000|100%| O|  |TAMS 0x000000072c600000| PB 0x000000072c600000| Untracked 
| 322|0x000000072c600000, 0x000000072c800000, 0x000000072c800000|100%| O|  |TAMS 0x000000072c800000| PB 0x000000072c800000| Untracked 
| 323|0x000000072c800000, 0x000000072ca00000, 0x000000072ca00000|100%| O|  |TAMS 0x000000072ca00000| PB 0x000000072ca00000| Untracked 
| 324|0x000000072ca00000, 0x000000072cc00000, 0x000000072cc00000|100%| O|  |TAMS 0x000000072cc00000| PB 0x000000072cc00000| Untracked 
| 325|0x000000072cc00000, 0x000000072ce00000, 0x000000072ce00000|100%| O|  |TAMS 0x000000072ce00000| PB 0x000000072ce00000| Updating 
| 326|0x000000072ce00000, 0x000000072d000000, 0x000000072d000000|100%| O|  |TAMS 0x000000072d000000| PB 0x000000072d000000| Untracked 
| 327|0x000000072d000000, 0x000000072d200000, 0x000000072d200000|100%| O|  |TAMS 0x000000072d000000| PB 0x000000072d000000| Untracked 
| 328|0x000000072d200000, 0x000000072d400000, 0x000000072d400000|100%| O|  |TAMS 0x000000072d200000| PB 0x000000072d200000| Untracked 
| 329|0x000000072d400000, 0x000000072d600000, 0x000000072d600000|100%| O|  |TAMS 0x000000072d600000| PB 0x000000072d600000| Updating 
| 330|0x000000072d600000, 0x000000072d600000, 0x000000072d800000|  0%| F|  |TAMS 0x000000072d600000| PB 0x000000072d600000| Untracked 
| 331|0x000000072d800000, 0x000000072d800000, 0x000000072da00000|  0%| F|  |TAMS 0x000000072d800000| PB 0x000000072d800000| Untracked 
| 332|0x000000072da00000, 0x000000072da00000, 0x000000072dc00000|  0%| F|  |TAMS 0x000000072da00000| PB 0x000000072da00000| Untracked 
| 333|0x000000072dc00000, 0x000000072dc00000, 0x000000072de00000|  0%| F|  |TAMS 0x000000072dc00000| PB 0x000000072dc00000| Untracked 
| 334|0x000000072de00000, 0x000000072e000000, 0x000000072e000000|100%| O|  |TAMS 0x000000072e000000| PB 0x000000072e000000| Untracked 
| 335|0x000000072e000000, 0x000000072e200000, 0x000000072e200000|100%| O|  |TAMS 0x000000072e200000| PB 0x000000072e200000| Untracked 
| 336|0x000000072e200000, 0x000000072e400000, 0x000000072e400000|100%| O|  |TAMS 0x000000072e400000| PB 0x000000072e400000| Untracked 
| 337|0x000000072e400000, 0x000000072e600000, 0x000000072e600000|100%| O|  |TAMS 0x000000072e600000| PB 0x000000072e600000| Untracked 
| 338|0x000000072e600000, 0x000000072e800000, 0x000000072e800000|100%| O|  |TAMS 0x000000072e800000| PB 0x000000072e800000| Untracked 
| 339|0x000000072e800000, 0x000000072ea00000, 0x000000072ea00000|100%| O|  |TAMS 0x000000072ea00000| PB 0x000000072ea00000| Untracked 
| 340|0x000000072ea00000, 0x000000072ec00000, 0x000000072ec00000|100%| O|  |TAMS 0x000000072ec00000| PB 0x000000072ec00000| Untracked 
| 341|0x000000072ec00000, 0x000000072ee00000, 0x000000072ee00000|100%| O|  |TAMS 0x000000072ee00000| PB 0x000000072ee00000| Untracked 
| 342|0x000000072ee00000, 0x000000072f000000, 0x000000072f000000|100%| O|  |TAMS 0x000000072f000000| PB 0x000000072f000000| Untracked 
| 343|0x000000072f000000, 0x000000072f200000, 0x000000072f200000|100%| O|  |TAMS 0x000000072f200000| PB 0x000000072f200000| Untracked 
| 344|0x000000072f200000, 0x000000072f400000, 0x000000072f400000|100%| O|  |TAMS 0x000000072f400000| PB 0x000000072f400000| Untracked 
| 345|0x000000072f400000, 0x000000072f600000, 0x000000072f600000|100%| O|  |TAMS 0x000000072f600000| PB 0x000000072f600000| Untracked 
| 346|0x000000072f600000, 0x000000072f800000, 0x000000072f800000|100%| O|  |TAMS 0x000000072f800000| PB 0x000000072f800000| Untracked 
| 347|0x000000072f800000, 0x000000072fa00000, 0x000000072fa00000|100%| O|  |TAMS 0x000000072fa00000| PB 0x000000072fa00000| Untracked 
| 348|0x000000072fa00000, 0x000000072fc00000, 0x000000072fc00000|100%| O|  |TAMS 0x000000072fc00000| PB 0x000000072fc00000| Untracked 
| 349|0x000000072fc00000, 0x000000072fe00000, 0x000000072fe00000|100%| O|  |TAMS 0x000000072fe00000| PB 0x000000072fe00000| Untracked 
| 350|0x000000072fe00000, 0x0000000730000000, 0x0000000730000000|100%| O|  |TAMS 0x0000000730000000| PB 0x0000000730000000| Untracked 
| 351|0x0000000730000000, 0x0000000730200000, 0x0000000730200000|100%| O|  |TAMS 0x0000000730200000| PB 0x0000000730200000| Untracked 
| 352|0x0000000730200000, 0x0000000730400000, 0x0000000730400000|100%| O|  |TAMS 0x0000000730400000| PB 0x0000000730400000| Untracked 
| 353|0x0000000730400000, 0x0000000730600000, 0x0000000730600000|100%| O|  |TAMS 0x0000000730600000| PB 0x0000000730600000| Untracked 
| 354|0x0000000730600000, 0x0000000730800000, 0x0000000730800000|100%| O|  |TAMS 0x0000000730800000| PB 0x0000000730800000| Untracked 
| 355|0x0000000730800000, 0x0000000730a00000, 0x0000000730a00000|100%| O|  |TAMS 0x0000000730a00000| PB 0x0000000730a00000| Untracked 
| 356|0x0000000730a00000, 0x0000000730c00000, 0x0000000730c00000|100%| O|  |TAMS 0x0000000730c00000| PB 0x0000000730c00000| Untracked 
| 357|0x0000000730c00000, 0x0000000730e00000, 0x0000000730e00000|100%| O|  |TAMS 0x0000000730e00000| PB 0x0000000730e00000| Updating 
| 358|0x0000000730e00000, 0x0000000731000000, 0x0000000731000000|100%| O|  |TAMS 0x0000000731000000| PB 0x0000000731000000| Untracked 
| 359|0x0000000731000000, 0x0000000731200000, 0x0000000731200000|100%| O|  |TAMS 0x0000000731000000| PB 0x0000000731000000| Untracked 
| 360|0x0000000731200000, 0x0000000731400000, 0x0000000731400000|100%| O|  |TAMS 0x0000000731200000| PB 0x0000000731200000| Untracked 
| 361|0x0000000731400000, 0x0000000731600000, 0x0000000731600000|100%| O|  |TAMS 0x0000000731600000| PB 0x0000000731600000| Updating 
| 362|0x0000000731600000, 0x0000000731800000, 0x0000000731800000|100%| O|  |TAMS 0x0000000731800000| PB 0x0000000731800000| Untracked 
| 363|0x0000000731800000, 0x0000000731a00000, 0x0000000731a00000|100%| O|  |TAMS 0x0000000731a00000| PB 0x0000000731a00000| Untracked 
| 364|0x0000000731a00000, 0x0000000731c00000, 0x0000000731c00000|100%| O|  |TAMS 0x0000000731c00000| PB 0x0000000731c00000| Untracked 
| 365|0x0000000731c00000, 0x0000000731e00000, 0x0000000731e00000|100%| O|  |TAMS 0x0000000731e00000| PB 0x0000000731e00000| Untracked 
| 366|0x0000000731e00000, 0x0000000732000000, 0x0000000732000000|100%| O|  |TAMS 0x0000000732000000| PB 0x0000000732000000| Untracked 
| 367|0x0000000732000000, 0x0000000732200000, 0x0000000732200000|100%| O|  |TAMS 0x0000000732200000| PB 0x0000000732200000| Untracked 
| 368|0x0000000732200000, 0x0000000732400000, 0x0000000732400000|100%| O|  |TAMS 0x0000000732400000| PB 0x0000000732400000| Untracked 
| 369|0x0000000732400000, 0x0000000732600000, 0x0000000732600000|100%| O|  |TAMS 0x0000000732600000| PB 0x0000000732600000| Untracked 
| 370|0x0000000732600000, 0x0000000732800000, 0x0000000732800000|100%| O|  |TAMS 0x0000000732800000| PB 0x0000000732800000| Untracked 
| 371|0x0000000732800000, 0x0000000732a00000, 0x0000000732a00000|100%| O|  |TAMS 0x0000000732a00000| PB 0x0000000732a00000| Untracked 
| 372|0x0000000732a00000, 0x0000000732c00000, 0x0000000732c00000|100%| O|  |TAMS 0x0000000732c00000| PB 0x0000000732c00000| Untracked 
| 373|0x0000000732c00000, 0x0000000732e00000, 0x0000000732e00000|100%| O|  |TAMS 0x0000000732e00000| PB 0x0000000732e00000| Untracked 
| 374|0x0000000732e00000, 0x0000000733000000, 0x0000000733000000|100%| O|  |TAMS 0x0000000733000000| PB 0x0000000733000000| Untracked 
| 375|0x0000000733000000, 0x0000000733200000, 0x0000000733200000|100%| O|  |TAMS 0x0000000733200000| PB 0x0000000733200000| Untracked 
| 376|0x0000000733200000, 0x0000000733400000, 0x0000000733400000|100%| O|  |TAMS 0x0000000733400000| PB 0x0000000733400000| Untracked 
| 377|0x0000000733400000, 0x0000000733600000, 0x0000000733600000|100%| O|  |TAMS 0x0000000733600000| PB 0x0000000733600000| Untracked 
| 378|0x0000000733600000, 0x0000000733800000, 0x0000000733800000|100%| O|  |TAMS 0x0000000733800000| PB 0x0000000733800000| Untracked 
| 379|0x0000000733800000, 0x0000000733a00000, 0x0000000733a00000|100%| O|  |TAMS 0x0000000733a00000| PB 0x0000000733a00000| Untracked 
| 380|0x0000000733a00000, 0x0000000733c00000, 0x0000000733c00000|100%| O|  |TAMS 0x0000000733c00000| PB 0x0000000733c00000| Untracked 
| 381|0x0000000733c00000, 0x0000000733e00000, 0x0000000733e00000|100%| O|  |TAMS 0x0000000733e00000| PB 0x0000000733e00000| Untracked 
| 382|0x0000000733e00000, 0x0000000734000000, 0x0000000734000000|100%| O|  |TAMS 0x0000000734000000| PB 0x0000000734000000| Untracked 
| 383|0x0000000734000000, 0x0000000734200000, 0x0000000734200000|100%| O|  |TAMS 0x0000000734200000| PB 0x0000000734200000| Untracked 
| 384|0x0000000734200000, 0x0000000734400000, 0x0000000734400000|100%| O|  |TAMS 0x0000000734400000| PB 0x0000000734400000| Untracked 
| 385|0x0000000734400000, 0x0000000734600000, 0x0000000734600000|100%| O|  |TAMS 0x0000000734600000| PB 0x0000000734600000| Untracked 
| 386|0x0000000734600000, 0x0000000734800000, 0x0000000734800000|100%| O|  |TAMS 0x0000000734800000| PB 0x0000000734800000| Untracked 
| 387|0x0000000734800000, 0x0000000734a00000, 0x0000000734a00000|100%| O|  |TAMS 0x0000000734a00000| PB 0x0000000734a00000| Untracked 
| 388|0x0000000734a00000, 0x0000000734c00000, 0x0000000734c00000|100%| O|  |TAMS 0x0000000734c00000| PB 0x0000000734c00000| Untracked 
| 389|0x0000000734c00000, 0x0000000734e00000, 0x0000000734e00000|100%| O|  |TAMS 0x0000000734e00000| PB 0x0000000734e00000| Untracked 
| 390|0x0000000734e00000, 0x0000000735000000, 0x0000000735000000|100%| O|  |TAMS 0x0000000735000000| PB 0x0000000735000000| Untracked 
| 391|0x0000000735000000, 0x0000000735200000, 0x0000000735200000|100%| O|  |TAMS 0x0000000735200000| PB 0x0000000735200000| Untracked 
| 392|0x0000000735200000, 0x0000000735400000, 0x0000000735400000|100%| O|  |TAMS 0x0000000735400000| PB 0x0000000735400000| Untracked 
| 393|0x0000000735400000, 0x0000000735600000, 0x0000000735600000|100%| O|  |TAMS 0x0000000735600000| PB 0x0000000735600000| Untracked 
| 394|0x0000000735600000, 0x0000000735800000, 0x0000000735800000|100%| O|  |TAMS 0x0000000735800000| PB 0x0000000735800000| Untracked 
| 395|0x0000000735800000, 0x0000000735a00000, 0x0000000735a00000|100%| O|  |TAMS 0x0000000735a00000| PB 0x0000000735a00000| Untracked 
| 396|0x0000000735a00000, 0x0000000735c00000, 0x0000000735c00000|100%| O|  |TAMS 0x0000000735c00000| PB 0x0000000735c00000| Untracked 
| 397|0x0000000735c00000, 0x0000000735e00000, 0x0000000735e00000|100%| O|  |TAMS 0x0000000735e00000| PB 0x0000000735e00000| Untracked 
| 398|0x0000000735e00000, 0x0000000736000000, 0x0000000736000000|100%| O|  |TAMS 0x0000000736000000| PB 0x0000000736000000| Untracked 
| 399|0x0000000736000000, 0x0000000736200000, 0x0000000736200000|100%| O|  |TAMS 0x0000000736200000| PB 0x0000000736200000| Untracked 
| 400|0x0000000736200000, 0x0000000736400000, 0x0000000736400000|100%| O|  |TAMS 0x0000000736400000| PB 0x0000000736400000| Untracked 
| 401|0x0000000736400000, 0x0000000736600000, 0x0000000736600000|100%| O|  |TAMS 0x0000000736600000| PB 0x0000000736600000| Untracked 
| 402|0x0000000736600000, 0x0000000736800000, 0x0000000736800000|100%| O|  |TAMS 0x0000000736800000| PB 0x0000000736800000| Untracked 
| 403|0x0000000736800000, 0x0000000736a00000, 0x0000000736a00000|100%| O|  |TAMS 0x0000000736a00000| PB 0x0000000736a00000| Untracked 
| 404|0x0000000736a00000, 0x0000000736c00000, 0x0000000736c00000|100%| O|  |TAMS 0x0000000736c00000| PB 0x0000000736c00000| Untracked 
| 405|0x0000000736c00000, 0x0000000736e00000, 0x0000000736e00000|100%| O|  |TAMS 0x0000000736e00000| PB 0x0000000736e00000| Untracked 
| 406|0x0000000736e00000, 0x0000000737000000, 0x0000000737000000|100%| O|  |TAMS 0x0000000737000000| PB 0x0000000737000000| Untracked 
| 407|0x0000000737000000, 0x0000000737200000, 0x0000000737200000|100%| O|  |TAMS 0x0000000737200000| PB 0x0000000737200000| Untracked 
| 408|0x0000000737200000, 0x0000000737400000, 0x0000000737400000|100%| O|  |TAMS 0x0000000737400000| PB 0x0000000737400000| Untracked 
| 409|0x0000000737400000, 0x0000000737600000, 0x0000000737600000|100%| O|  |TAMS 0x0000000737600000| PB 0x0000000737600000| Untracked 
| 410|0x0000000737600000, 0x0000000737800000, 0x0000000737800000|100%| O|  |TAMS 0x0000000737800000| PB 0x0000000737800000| Untracked 
| 411|0x0000000737800000, 0x0000000737a00000, 0x0000000737a00000|100%| O|  |TAMS 0x0000000737a00000| PB 0x0000000737a00000| Untracked 
| 412|0x0000000737a00000, 0x0000000737c00000, 0x0000000737c00000|100%| O|  |TAMS 0x0000000737c00000| PB 0x0000000737c00000| Untracked 
| 413|0x0000000737c00000, 0x0000000737e00000, 0x0000000737e00000|100%| O|  |TAMS 0x0000000737e00000| PB 0x0000000737e00000| Untracked 
| 414|0x0000000737e00000, 0x0000000738000000, 0x0000000738000000|100%| O|  |TAMS 0x0000000738000000| PB 0x0000000738000000| Untracked 
| 415|0x0000000738000000, 0x0000000738200000, 0x0000000738200000|100%| O|  |TAMS 0x0000000738200000| PB 0x0000000738200000| Untracked 
| 416|0x0000000738200000, 0x0000000738400000, 0x0000000738400000|100%| O|  |TAMS 0x0000000738400000| PB 0x0000000738400000| Untracked 
| 417|0x0000000738400000, 0x0000000738600000, 0x0000000738600000|100%| O|  |TAMS 0x0000000738600000| PB 0x0000000738600000| Untracked 
| 418|0x0000000738600000, 0x0000000738800000, 0x0000000738800000|100%| O|  |TAMS 0x0000000738800000| PB 0x0000000738800000| Updating 
| 419|0x0000000738800000, 0x0000000738a00000, 0x0000000738a00000|100%| O|  |TAMS 0x0000000738800000| PB 0x0000000738800000| Untracked 
| 420|0x0000000738a00000, 0x0000000738c00000, 0x0000000738c00000|100%| O|  |TAMS 0x0000000738a00000| PB 0x0000000738a00000| Untracked 
| 421|0x0000000738c00000, 0x0000000738e00000, 0x0000000738e00000|100%| O|  |TAMS 0x0000000738e00000| PB 0x0000000738e00000| Updating 
| 422|0x0000000738e00000, 0x0000000739000000, 0x0000000739000000|100%| O|  |TAMS 0x0000000739000000| PB 0x0000000739000000| Untracked 
| 423|0x0000000739000000, 0x0000000739200000, 0x0000000739200000|100%| O|  |TAMS 0x0000000739200000| PB 0x0000000739200000| Untracked 
| 424|0x0000000739200000, 0x0000000739400000, 0x0000000739400000|100%| O|  |TAMS 0x0000000739400000| PB 0x0000000739400000| Untracked 
| 425|0x0000000739400000, 0x0000000739600000, 0x0000000739600000|100%| O|  |TAMS 0x0000000739600000| PB 0x0000000739600000| Untracked 
| 426|0x0000000739600000, 0x0000000739800000, 0x0000000739800000|100%| O|  |TAMS 0x0000000739800000| PB 0x0000000739800000| Untracked 
| 427|0x0000000739800000, 0x0000000739a00000, 0x0000000739a00000|100%| O|  |TAMS 0x0000000739a00000| PB 0x0000000739a00000| Untracked 
| 428|0x0000000739a00000, 0x0000000739c00000, 0x0000000739c00000|100%| O|  |TAMS 0x0000000739c00000| PB 0x0000000739c00000| Untracked 
| 429|0x0000000739c00000, 0x0000000739e00000, 0x0000000739e00000|100%| O|  |TAMS 0x0000000739e00000| PB 0x0000000739e00000| Untracked 
| 430|0x0000000739e00000, 0x000000073a000000, 0x000000073a000000|100%| O|  |TAMS 0x000000073a000000| PB 0x000000073a000000| Untracked 
| 431|0x000000073a000000, 0x000000073a200000, 0x000000073a200000|100%| O|  |TAMS 0x000000073a200000| PB 0x000000073a200000| Untracked 
| 432|0x000000073a200000, 0x000000073a400000, 0x000000073a400000|100%| O|  |TAMS 0x000000073a400000| PB 0x000000073a400000| Untracked 
| 433|0x000000073a400000, 0x000000073a600000, 0x000000073a600000|100%| O|  |TAMS 0x000000073a600000| PB 0x000000073a600000| Untracked 
| 434|0x000000073a600000, 0x000000073a800000, 0x000000073a800000|100%| O|  |TAMS 0x000000073a800000| PB 0x000000073a800000| Untracked 
| 435|0x000000073a800000, 0x000000073aa00000, 0x000000073aa00000|100%| O|  |TAMS 0x000000073aa00000| PB 0x000000073aa00000| Untracked 
| 436|0x000000073aa00000, 0x000000073ac00000, 0x000000073ac00000|100%| O|  |TAMS 0x000000073ac00000| PB 0x000000073ac00000| Untracked 
| 437|0x000000073ac00000, 0x000000073ae00000, 0x000000073ae00000|100%| O|  |TAMS 0x000000073ae00000| PB 0x000000073ae00000| Untracked 
| 438|0x000000073ae00000, 0x000000073b000000, 0x000000073b000000|100%| O|  |TAMS 0x000000073b000000| PB 0x000000073b000000| Untracked 
| 439|0x000000073b000000, 0x000000073b200000, 0x000000073b200000|100%| O|  |TAMS 0x000000073b200000| PB 0x000000073b200000| Untracked 
| 440|0x000000073b200000, 0x000000073b400000, 0x000000073b400000|100%| O|  |TAMS 0x000000073b400000| PB 0x000000073b400000| Untracked 
| 441|0x000000073b400000, 0x000000073b600000, 0x000000073b600000|100%| O|  |TAMS 0x000000073b600000| PB 0x000000073b600000| Untracked 
| 442|0x000000073b600000, 0x000000073b800000, 0x000000073b800000|100%| O|  |TAMS 0x000000073b800000| PB 0x000000073b800000| Untracked 
| 443|0x000000073b800000, 0x000000073ba00000, 0x000000073ba00000|100%| O|  |TAMS 0x000000073ba00000| PB 0x000000073ba00000| Untracked 
| 444|0x000000073ba00000, 0x000000073bc00000, 0x000000073bc00000|100%| O|  |TAMS 0x000000073bc00000| PB 0x000000073bc00000| Updating 
| 445|0x000000073bc00000, 0x000000073be00000, 0x000000073be00000|100%| O|  |TAMS 0x000000073be00000| PB 0x000000073be00000| Updating 
| 446|0x000000073be00000, 0x000000073c000000, 0x000000073c000000|100%| O|  |TAMS 0x000000073c000000| PB 0x000000073c000000| Updating 
| 447|0x000000073c000000, 0x000000073c200000, 0x000000073c200000|100%|HS|  |TAMS 0x000000073c200000| PB 0x000000073c000000| Complete 
| 448|0x000000073c200000, 0x000000073c400000, 0x000000073c400000|100%|HC|  |TAMS 0x000000073c400000| PB 0x000000073c200000| Complete 
| 449|0x000000073c400000, 0x000000073c600000, 0x000000073c600000|100%|HC|  |TAMS 0x000000073c600000| PB 0x000000073c400000| Complete 
| 450|0x000000073c600000, 0x000000073c800000, 0x000000073c800000|100%|HC|  |TAMS 0x000000073c800000| PB 0x000000073c600000| Complete 
| 451|0x000000073c800000, 0x000000073ca00000, 0x000000073ca00000|100%|HC|  |TAMS 0x000000073ca00000| PB 0x000000073c800000| Complete 
| 452|0x000000073ca00000, 0x000000073cc00000, 0x000000073cc00000|100%|HC|  |TAMS 0x000000073cc00000| PB 0x000000073ca00000| Complete 
| 453|0x000000073cc00000, 0x000000073ce00000, 0x000000073ce00000|100%| O|  |TAMS 0x000000073ce00000| PB 0x000000073ce00000| Untracked 
| 454|0x000000073ce00000, 0x000000073d000000, 0x000000073d000000|100%| O|  |TAMS 0x000000073d000000| PB 0x000000073d000000| Untracked 
| 455|0x000000073d000000, 0x000000073d200000, 0x000000073d200000|100%| O|  |TAMS 0x000000073d200000| PB 0x000000073d200000| Untracked 
| 456|0x000000073d200000, 0x000000073d400000, 0x000000073d400000|100%| O|  |TAMS 0x000000073d400000| PB 0x000000073d400000| Untracked 
| 457|0x000000073d400000, 0x000000073d600000, 0x000000073d600000|100%| O|  |TAMS 0x000000073d600000| PB 0x000000073d600000| Untracked 
| 458|0x000000073d600000, 0x000000073d800000, 0x000000073d800000|100%| O|  |TAMS 0x000000073d800000| PB 0x000000073d800000| Untracked 
| 459|0x000000073d800000, 0x000000073da00000, 0x000000073da00000|100%| O|  |TAMS 0x000000073da00000| PB 0x000000073da00000| Untracked 
| 460|0x000000073da00000, 0x000000073dc00000, 0x000000073dc00000|100%| O|  |TAMS 0x000000073dc00000| PB 0x000000073dc00000| Untracked 
| 461|0x000000073dc00000, 0x000000073de00000, 0x000000073de00000|100%| O|  |TAMS 0x000000073de00000| PB 0x000000073de00000| Untracked 
| 462|0x000000073de00000, 0x000000073e000000, 0x000000073e000000|100%| O|  |TAMS 0x000000073e000000| PB 0x000000073e000000| Untracked 
| 463|0x000000073e000000, 0x000000073e200000, 0x000000073e200000|100%| O|  |TAMS 0x000000073e200000| PB 0x000000073e200000| Untracked 
| 464|0x000000073e200000, 0x000000073e400000, 0x000000073e400000|100%| O|  |TAMS 0x000000073e400000| PB 0x000000073e400000| Untracked 
| 465|0x000000073e400000, 0x000000073e600000, 0x000000073e600000|100%| O|  |TAMS 0x000000073e600000| PB 0x000000073e600000| Untracked 
| 466|0x000000073e600000, 0x000000073e800000, 0x000000073e800000|100%| O|  |TAMS 0x000000073e800000| PB 0x000000073e800000| Untracked 
| 467|0x000000073e800000, 0x000000073ea00000, 0x000000073ea00000|100%| O|  |TAMS 0x000000073ea00000| PB 0x000000073ea00000| Untracked 
| 468|0x000000073ea00000, 0x000000073ec00000, 0x000000073ec00000|100%| O|  |TAMS 0x000000073ec00000| PB 0x000000073ec00000| Untracked 
| 469|0x000000073ec00000, 0x000000073ee00000, 0x000000073ee00000|100%| O|  |TAMS 0x000000073ee00000| PB 0x000000073ee00000| Untracked 
| 470|0x000000073ee00000, 0x000000073f000000, 0x000000073f000000|100%| O|  |TAMS 0x000000073f000000| PB 0x000000073f000000| Untracked 
| 471|0x000000073f000000, 0x000000073f200000, 0x000000073f200000|100%| O|  |TAMS 0x000000073f200000| PB 0x000000073f200000| Untracked 
| 472|0x000000073f200000, 0x000000073f400000, 0x000000073f400000|100%| O|  |TAMS 0x000000073f400000| PB 0x000000073f400000| Untracked 
| 473|0x000000073f400000, 0x000000073f600000, 0x000000073f600000|100%| O|  |TAMS 0x000000073f600000| PB 0x000000073f600000| Untracked 
| 474|0x000000073f600000, 0x000000073f800000, 0x000000073f800000|100%| O|  |TAMS 0x000000073f800000| PB 0x000000073f800000| Untracked 
| 475|0x000000073f800000, 0x000000073fa00000, 0x000000073fa00000|100%| O|  |TAMS 0x000000073fa00000| PB 0x000000073fa00000| Untracked 
| 476|0x000000073fa00000, 0x000000073fc00000, 0x000000073fc00000|100%| O|  |TAMS 0x000000073fc00000| PB 0x000000073fc00000| Untracked 
| 477|0x000000073fc00000, 0x000000073fe00000, 0x000000073fe00000|100%| O|  |TAMS 0x000000073fe00000| PB 0x000000073fe00000| Untracked 
| 478|0x000000073fe00000, 0x0000000740000000, 0x0000000740000000|100%| O|  |TAMS 0x0000000740000000| PB 0x0000000740000000| Untracked 
| 479|0x0000000740000000, 0x0000000740200000, 0x0000000740200000|100%| O|  |TAMS 0x0000000740200000| PB 0x0000000740200000| Untracked 
| 480|0x0000000740200000, 0x0000000740400000, 0x0000000740400000|100%| O|  |TAMS 0x0000000740400000| PB 0x0000000740400000| Untracked 
| 481|0x0000000740400000, 0x0000000740600000, 0x0000000740600000|100%| O|  |TAMS 0x0000000740600000| PB 0x0000000740600000| Untracked 
| 482|0x0000000740600000, 0x0000000740800000, 0x0000000740800000|100%| O|  |TAMS 0x0000000740800000| PB 0x0000000740800000| Untracked 
| 483|0x0000000740800000, 0x0000000740a00000, 0x0000000740a00000|100%| O|  |TAMS 0x0000000740a00000| PB 0x0000000740a00000| Untracked 
| 484|0x0000000740a00000, 0x0000000740c00000, 0x0000000740c00000|100%| O|  |TAMS 0x0000000740c00000| PB 0x0000000740c00000| Updating 
| 485|0x0000000740c00000, 0x0000000740e00000, 0x0000000740e00000|100%| O|  |TAMS 0x0000000740e00000| PB 0x0000000740e00000| Updating 
| 486|0x0000000740e00000, 0x0000000741000000, 0x0000000741000000|100%| O|  |TAMS 0x0000000741000000| PB 0x0000000741000000| Updating 
| 487|0x0000000741000000, 0x0000000741200000, 0x0000000741200000|100%| O|  |TAMS 0x0000000741200000| PB 0x0000000741200000| Untracked 
| 488|0x0000000741200000, 0x0000000741400000, 0x0000000741400000|100%| O|  |TAMS 0x0000000741400000| PB 0x0000000741400000| Untracked 
| 489|0x0000000741400000, 0x0000000741600000, 0x0000000741600000|100%| O|  |TAMS 0x0000000741600000| PB 0x0000000741600000| Untracked 
| 490|0x0000000741600000, 0x0000000741800000, 0x0000000741800000|100%| O|  |TAMS 0x0000000741800000| PB 0x0000000741800000| Untracked 
| 491|0x0000000741800000, 0x0000000741a00000, 0x0000000741a00000|100%| O|  |TAMS 0x0000000741a00000| PB 0x0000000741a00000| Untracked 
| 492|0x0000000741a00000, 0x0000000741c00000, 0x0000000741c00000|100%| O|  |TAMS 0x0000000741c00000| PB 0x0000000741c00000| Untracked 
| 493|0x0000000741c00000, 0x0000000741e00000, 0x0000000741e00000|100%| O|  |TAMS 0x0000000741e00000| PB 0x0000000741e00000| Untracked 
| 494|0x0000000741e00000, 0x0000000742000000, 0x0000000742000000|100%| O|  |TAMS 0x0000000742000000| PB 0x0000000742000000| Untracked 
| 495|0x0000000742000000, 0x0000000742200000, 0x0000000742200000|100%| O|  |TAMS 0x0000000742200000| PB 0x0000000742200000| Untracked 
| 496|0x0000000742200000, 0x0000000742400000, 0x0000000742400000|100%| O|  |TAMS 0x0000000742400000| PB 0x0000000742400000| Untracked 
| 497|0x0000000742400000, 0x0000000742600000, 0x0000000742600000|100%| O|  |TAMS 0x0000000742600000| PB 0x0000000742600000| Untracked 
| 498|0x0000000742600000, 0x0000000742800000, 0x0000000742800000|100%| O|  |TAMS 0x0000000742800000| PB 0x0000000742800000| Untracked 
| 499|0x0000000742800000, 0x0000000742a00000, 0x0000000742a00000|100%| O|  |TAMS 0x0000000742a00000| PB 0x0000000742a00000| Untracked 
| 500|0x0000000742a00000, 0x0000000742c00000, 0x0000000742c00000|100%| O|  |TAMS 0x0000000742c00000| PB 0x0000000742c00000| Untracked 
| 501|0x0000000742c00000, 0x0000000742e00000, 0x0000000742e00000|100%| O|  |TAMS 0x0000000742e00000| PB 0x0000000742e00000| Untracked 
| 502|0x0000000742e00000, 0x0000000743000000, 0x0000000743000000|100%| O|  |TAMS 0x0000000743000000| PB 0x0000000743000000| Untracked 
| 503|0x0000000743000000, 0x0000000743200000, 0x0000000743200000|100%| O|  |TAMS 0x0000000743200000| PB 0x0000000743200000| Untracked 
| 504|0x0000000743200000, 0x0000000743400000, 0x0000000743400000|100%| O|  |TAMS 0x0000000743400000| PB 0x0000000743400000| Untracked 
| 505|0x0000000743400000, 0x0000000743600000, 0x0000000743600000|100%| O|  |TAMS 0x0000000743600000| PB 0x0000000743600000| Untracked 
| 506|0x0000000743600000, 0x0000000743800000, 0x0000000743800000|100%| O|  |TAMS 0x0000000743800000| PB 0x0000000743800000| Untracked 
| 507|0x0000000743800000, 0x0000000743a00000, 0x0000000743a00000|100%| O|  |TAMS 0x0000000743a00000| PB 0x0000000743a00000| Untracked 
| 508|0x0000000743a00000, 0x0000000743c00000, 0x0000000743c00000|100%| O|  |TAMS 0x0000000743c00000| PB 0x0000000743c00000| Untracked 
| 509|0x0000000743c00000, 0x0000000743e00000, 0x0000000743e00000|100%| O|  |TAMS 0x0000000743e00000| PB 0x0000000743e00000| Untracked 
| 510|0x0000000743e00000, 0x0000000744000000, 0x0000000744000000|100%| O|  |TAMS 0x0000000744000000| PB 0x0000000744000000| Untracked 
| 511|0x0000000744000000, 0x0000000744200000, 0x0000000744200000|100%| O|  |TAMS 0x0000000744200000| PB 0x0000000744200000| Updating 
| 512|0x0000000744200000, 0x0000000744400000, 0x0000000744400000|100%| O|  |TAMS 0x0000000744400000| PB 0x0000000744400000| Untracked 
| 513|0x0000000744400000, 0x0000000744600000, 0x0000000744600000|100%| O|  |TAMS 0x0000000744600000| PB 0x0000000744600000| Untracked 
| 514|0x0000000744600000, 0x0000000744800000, 0x0000000744800000|100%| O|  |TAMS 0x0000000744800000| PB 0x0000000744800000| Untracked 
| 515|0x0000000744800000, 0x0000000744a00000, 0x0000000744a00000|100%| O|  |TAMS 0x0000000744a00000| PB 0x0000000744a00000| Untracked 
| 516|0x0000000744a00000, 0x0000000744c00000, 0x0000000744c00000|100%| O|  |TAMS 0x0000000744c00000| PB 0x0000000744c00000| Untracked 
| 517|0x0000000744c00000, 0x0000000744e00000, 0x0000000744e00000|100%| O|  |TAMS 0x0000000744e00000| PB 0x0000000744e00000| Untracked 
| 518|0x0000000744e00000, 0x0000000745000000, 0x0000000745000000|100%| O|  |TAMS 0x0000000745000000| PB 0x0000000745000000| Untracked 
| 519|0x0000000745000000, 0x0000000745200000, 0x0000000745200000|100%| O|  |TAMS 0x0000000745200000| PB 0x0000000745200000| Untracked 
| 520|0x0000000745200000, 0x0000000745400000, 0x0000000745400000|100%| O|  |TAMS 0x0000000745400000| PB 0x0000000745400000| Untracked 
| 521|0x0000000745400000, 0x0000000745600000, 0x0000000745600000|100%| O|  |TAMS 0x0000000745600000| PB 0x0000000745600000| Untracked 
| 522|0x0000000745600000, 0x0000000745800000, 0x0000000745800000|100%| O|  |TAMS 0x0000000745800000| PB 0x0000000745800000| Untracked 
| 523|0x0000000745800000, 0x0000000745a00000, 0x0000000745a00000|100%| O|  |TAMS 0x0000000745a00000| PB 0x0000000745a00000| Untracked 
| 524|0x0000000745a00000, 0x0000000745c00000, 0x0000000745c00000|100%| O|  |TAMS 0x0000000745c00000| PB 0x0000000745c00000| Untracked 
| 525|0x0000000745c00000, 0x0000000745e00000, 0x0000000745e00000|100%| O|  |TAMS 0x0000000745e00000| PB 0x0000000745e00000| Untracked 
| 526|0x0000000745e00000, 0x0000000746000000, 0x0000000746000000|100%| O|  |TAMS 0x0000000746000000| PB 0x0000000746000000| Untracked 
| 527|0x0000000746000000, 0x0000000746200000, 0x0000000746200000|100%| O|  |TAMS 0x0000000746200000| PB 0x0000000746200000| Untracked 
| 528|0x0000000746200000, 0x0000000746400000, 0x0000000746400000|100%| O|  |TAMS 0x0000000746400000| PB 0x0000000746400000| Untracked 
| 529|0x0000000746400000, 0x0000000746600000, 0x0000000746600000|100%| O|  |TAMS 0x0000000746600000| PB 0x0000000746600000| Untracked 
| 530|0x0000000746600000, 0x0000000746800000, 0x0000000746800000|100%| O|  |TAMS 0x0000000746800000| PB 0x0000000746800000| Untracked 
| 531|0x0000000746800000, 0x0000000746a00000, 0x0000000746a00000|100%| O|  |TAMS 0x0000000746a00000| PB 0x0000000746a00000| Untracked 
| 532|0x0000000746a00000, 0x0000000746c00000, 0x0000000746c00000|100%| O|  |TAMS 0x0000000746c00000| PB 0x0000000746c00000| Untracked 
| 533|0x0000000746c00000, 0x0000000746e00000, 0x0000000746e00000|100%| O|  |TAMS 0x0000000746e00000| PB 0x0000000746e00000| Untracked 
| 534|0x0000000746e00000, 0x0000000747000000, 0x0000000747000000|100%| O|  |TAMS 0x0000000747000000| PB 0x0000000747000000| Untracked 
| 535|0x0000000747000000, 0x0000000747200000, 0x0000000747200000|100%| O|  |TAMS 0x0000000747200000| PB 0x0000000747200000| Untracked 
| 536|0x0000000747200000, 0x0000000747400000, 0x0000000747400000|100%| O|  |TAMS 0x0000000747400000| PB 0x0000000747400000| Untracked 
| 537|0x0000000747400000, 0x0000000747600000, 0x0000000747600000|100%| O|  |TAMS 0x0000000747600000| PB 0x0000000747600000| Untracked 
| 538|0x0000000747600000, 0x0000000747800000, 0x0000000747800000|100%| O|  |TAMS 0x0000000747800000| PB 0x0000000747800000| Untracked 
| 539|0x0000000747800000, 0x0000000747a00000, 0x0000000747a00000|100%| O|  |TAMS 0x0000000747a00000| PB 0x0000000747a00000| Untracked 
| 540|0x0000000747a00000, 0x0000000747c00000, 0x0000000747c00000|100%| O|  |TAMS 0x0000000747c00000| PB 0x0000000747c00000| Untracked 
| 541|0x0000000747c00000, 0x0000000747e00000, 0x0000000747e00000|100%| O|  |TAMS 0x0000000747e00000| PB 0x0000000747e00000| Untracked 
| 542|0x0000000747e00000, 0x0000000748000000, 0x0000000748000000|100%| O|  |TAMS 0x0000000748000000| PB 0x0000000748000000| Updating 
| 543|0x0000000748000000, 0x0000000748200000, 0x0000000748200000|100%| O|  |TAMS 0x0000000748200000| PB 0x0000000748200000| Updating 
| 544|0x0000000748200000, 0x0000000748400000, 0x0000000748400000|100%| O|  |TAMS 0x0000000748400000| PB 0x0000000748400000| Updating 
| 545|0x0000000748400000, 0x0000000748600000, 0x0000000748600000|100%| O|  |TAMS 0x0000000748500000| PB 0x0000000748500000| Updating 
| 546|0x0000000748600000, 0x0000000748800000, 0x0000000748800000|100%| O|  |TAMS 0x0000000748600000| PB 0x0000000748600000| Untracked 
| 547|0x0000000748800000, 0x0000000748a00000, 0x0000000748a00000|100%| O|  |TAMS 0x0000000748800000| PB 0x0000000748800000| Untracked 
| 548|0x0000000748a00000, 0x0000000748c00000, 0x0000000748c00000|100%| O|  |TAMS 0x0000000748a00000| PB 0x0000000748a00000| Untracked 
| 549|0x0000000748c00000, 0x0000000748e00000, 0x0000000748e00000|100%| O|  |TAMS 0x0000000748c00000| PB 0x0000000748c00000| Untracked 
| 550|0x0000000748e00000, 0x0000000749000000, 0x0000000749000000|100%| O|  |TAMS 0x0000000748e00000| PB 0x0000000748e00000| Untracked 
| 551|0x0000000749000000, 0x0000000749200000, 0x0000000749200000|100%| O|  |TAMS 0x0000000749000000| PB 0x0000000749000000| Untracked 
| 552|0x0000000749200000, 0x0000000749400000, 0x0000000749400000|100%| O|  |TAMS 0x0000000749200000| PB 0x0000000749200000| Untracked 
| 553|0x0000000749400000, 0x0000000749600000, 0x0000000749600000|100%| O|  |TAMS 0x0000000749400000| PB 0x0000000749400000| Untracked 
| 554|0x0000000749600000, 0x0000000749800000, 0x0000000749800000|100%| O|  |TAMS 0x0000000749600000| PB 0x0000000749600000| Untracked 
| 555|0x0000000749800000, 0x0000000749a00000, 0x0000000749a00000|100%| O|  |TAMS 0x0000000749800000| PB 0x0000000749800000| Untracked 
| 556|0x0000000749a00000, 0x0000000749c00000, 0x0000000749c00000|100%| O|  |TAMS 0x0000000749a00000| PB 0x0000000749a00000| Untracked 
| 557|0x0000000749c00000, 0x0000000749e00000, 0x0000000749e00000|100%| O|  |TAMS 0x0000000749c00000| PB 0x0000000749c00000| Untracked 
| 558|0x0000000749e00000, 0x000000074a000000, 0x000000074a000000|100%| O|  |TAMS 0x0000000749e00000| PB 0x0000000749e00000| Untracked 
| 559|0x000000074a000000, 0x000000074a200000, 0x000000074a200000|100%| O|  |TAMS 0x000000074a000000| PB 0x000000074a000000| Untracked 
| 560|0x000000074a200000, 0x000000074a400000, 0x000000074a400000|100%| O|  |TAMS 0x000000074a200000| PB 0x000000074a200000| Untracked 
| 561|0x000000074a400000, 0x000000074a600000, 0x000000074a600000|100%| O|  |TAMS 0x000000074a400000| PB 0x000000074a400000| Untracked 
| 562|0x000000074a600000, 0x000000074a800000, 0x000000074a800000|100%|HS|  |TAMS 0x000000074a600000| PB 0x000000074a600000| Complete 
| 563|0x000000074a800000, 0x000000074aa00000, 0x000000074aa00000|100%|HS|  |TAMS 0x000000074a800000| PB 0x000000074a800000| Complete 
| 564|0x000000074aa00000, 0x000000074ac00000, 0x000000074ac00000|100%|HC|  |TAMS 0x000000074aa00000| PB 0x000000074aa00000| Complete 
| 565|0x000000074ac00000, 0x000000074ae00000, 0x000000074ae00000|100%| O|  |TAMS 0x000000074ac00000| PB 0x000000074ac00000| Untracked 
| 566|0x000000074ae00000, 0x000000074b000000, 0x000000074b000000|100%| O|  |TAMS 0x000000074ae00000| PB 0x000000074ae00000| Untracked 
| 567|0x000000074b000000, 0x000000074b200000, 0x000000074b200000|100%| O|  |TAMS 0x000000074b000000| PB 0x000000074b000000| Untracked 
| 568|0x000000074b200000, 0x000000074b400000, 0x000000074b400000|100%| O|  |TAMS 0x000000074b200000| PB 0x000000074b200000| Untracked 
| 569|0x000000074b400000, 0x000000074b600000, 0x000000074b600000|100%| O|  |TAMS 0x000000074b400000| PB 0x000000074b400000| Untracked 
| 570|0x000000074b600000, 0x000000074b800000, 0x000000074b800000|100%| O|  |TAMS 0x000000074b600000| PB 0x000000074b600000| Untracked 
| 571|0x000000074b800000, 0x000000074ba00000, 0x000000074ba00000|100%| O|  |TAMS 0x000000074b800000| PB 0x000000074b800000| Untracked 
| 572|0x000000074ba00000, 0x000000074bc00000, 0x000000074bc00000|100%| O|  |TAMS 0x000000074ba00000| PB 0x000000074ba00000| Untracked 
| 573|0x000000074bc00000, 0x000000074be00000, 0x000000074be00000|100%| O|  |TAMS 0x000000074bc00000| PB 0x000000074bc00000| Untracked 
| 574|0x000000074be00000, 0x000000074c000000, 0x000000074c000000|100%| O|  |TAMS 0x000000074be00000| PB 0x000000074be00000| Untracked 
| 575|0x000000074c000000, 0x000000074c200000, 0x000000074c200000|100%| O|  |TAMS 0x000000074c000000| PB 0x000000074c000000| Untracked 
| 576|0x000000074c200000, 0x000000074c400000, 0x000000074c400000|100%| O|  |TAMS 0x000000074c200000| PB 0x000000074c200000| Untracked 
| 577|0x000000074c400000, 0x000000074c600000, 0x000000074c600000|100%| O|  |TAMS 0x000000074c400000| PB 0x000000074c400000| Untracked 
| 578|0x000000074c600000, 0x000000074c800000, 0x000000074c800000|100%| O|  |TAMS 0x000000074c600000| PB 0x000000074c600000| Untracked 
| 579|0x000000074c800000, 0x000000074ca00000, 0x000000074ca00000|100%| O|  |TAMS 0x000000074c800000| PB 0x000000074c800000| Untracked 
| 580|0x000000074ca00000, 0x000000074cc00000, 0x000000074cc00000|100%| O|  |TAMS 0x000000074ca00000| PB 0x000000074ca00000| Untracked 
| 581|0x000000074cc00000, 0x000000074ce00000, 0x000000074ce00000|100%| O|  |TAMS 0x000000074cc00000| PB 0x000000074cc00000| Untracked 
| 582|0x000000074ce00000, 0x000000074d000000, 0x000000074d000000|100%| O|  |TAMS 0x000000074ce00000| PB 0x000000074ce00000| Untracked 
| 583|0x000000074d000000, 0x000000074d200000, 0x000000074d200000|100%| O|  |TAMS 0x000000074d000000| PB 0x000000074d000000| Untracked 
| 584|0x000000074d200000, 0x000000074d400000, 0x000000074d400000|100%| O|  |TAMS 0x000000074d200000| PB 0x000000074d200000| Untracked 
| 585|0x000000074d400000, 0x000000074d600000, 0x000000074d600000|100%| O|  |TAMS 0x000000074d400000| PB 0x000000074d400000| Untracked 
| 586|0x000000074d600000, 0x000000074d800000, 0x000000074d800000|100%| O|  |TAMS 0x000000074d600000| PB 0x000000074d600000| Untracked 
| 587|0x000000074d800000, 0x000000074da00000, 0x000000074da00000|100%| O|  |TAMS 0x000000074d800000| PB 0x000000074d800000| Untracked 
| 588|0x000000074da00000, 0x000000074dc00000, 0x000000074dc00000|100%| O|  |TAMS 0x000000074da00000| PB 0x000000074da00000| Untracked 
| 589|0x000000074dc00000, 0x000000074de00000, 0x000000074de00000|100%| O|  |TAMS 0x000000074dc00000| PB 0x000000074dc00000| Untracked 
| 590|0x000000074de00000, 0x000000074e000000, 0x000000074e000000|100%| O|  |TAMS 0x000000074de00000| PB 0x000000074de00000| Untracked 
| 591|0x000000074e000000, 0x000000074e200000, 0x000000074e200000|100%| O|  |TAMS 0x000000074e000000| PB 0x000000074e000000| Untracked 
| 592|0x000000074e200000, 0x000000074e400000, 0x000000074e400000|100%| O|  |TAMS 0x000000074e200000| PB 0x000000074e200000| Untracked 
| 593|0x000000074e400000, 0x000000074e600000, 0x000000074e600000|100%| O|  |TAMS 0x000000074e400000| PB 0x000000074e400000| Untracked 
| 594|0x000000074e600000, 0x000000074e800000, 0x000000074e800000|100%| O|  |TAMS 0x000000074e600000| PB 0x000000074e600000| Untracked 
| 595|0x000000074e800000, 0x000000074ea00000, 0x000000074ea00000|100%| O|  |TAMS 0x000000074e800000| PB 0x000000074e800000| Untracked 
| 596|0x000000074ea00000, 0x000000074ec00000, 0x000000074ec00000|100%| O|  |TAMS 0x000000074ea00000| PB 0x000000074ea00000| Untracked 
| 597|0x000000074ec00000, 0x000000074ee00000, 0x000000074ee00000|100%| O|  |TAMS 0x000000074ec00000| PB 0x000000074ec00000| Untracked 
| 598|0x000000074ee00000, 0x000000074f000000, 0x000000074f000000|100%| O|  |TAMS 0x000000074ee00000| PB 0x000000074ee00000| Untracked 
| 599|0x000000074f000000, 0x000000074f100000, 0x000000074f200000| 50%| O|  |TAMS 0x000000074f000000| PB 0x000000074f000000| Updating 
| 600|0x000000074f200000, 0x000000074f200000, 0x000000074f400000|  0%| F|  |TAMS 0x000000074f200000| PB 0x000000074f200000| Untracked 
| 601|0x000000074f400000, 0x000000074f400000, 0x000000074f600000|  0%| F|  |TAMS 0x000000074f400000| PB 0x000000074f400000| Untracked 
| 602|0x000000074f600000, 0x000000074f600000, 0x000000074f800000|  0%| F|  |TAMS 0x000000074f600000| PB 0x000000074f600000| Untracked 
| 603|0x000000074f800000, 0x000000074f800000, 0x000000074fa00000|  0%| F|  |TAMS 0x000000074f800000| PB 0x000000074f800000| Untracked 
| 604|0x000000074fa00000, 0x000000074fa00000, 0x000000074fc00000|  0%| F|  |TAMS 0x000000074fa00000| PB 0x000000074fa00000| Untracked 
| 605|0x000000074fc00000, 0x000000074fc00000, 0x000000074fe00000|  0%| F|  |TAMS 0x000000074fc00000| PB 0x000000074fc00000| Untracked 
| 606|0x000000074fe00000, 0x000000074fe00000, 0x0000000750000000|  0%| F|  |TAMS 0x000000074fe00000| PB 0x000000074fe00000| Untracked 
| 607|0x0000000750000000, 0x0000000750000000, 0x0000000750200000|  0%| F|  |TAMS 0x0000000750000000| PB 0x0000000750000000| Untracked 
| 608|0x0000000750200000, 0x0000000750200000, 0x0000000750400000|  0%| F|  |TAMS 0x0000000750200000| PB 0x0000000750200000| Untracked 
| 609|0x0000000750400000, 0x0000000750400000, 0x0000000750600000|  0%| F|  |TAMS 0x0000000750400000| PB 0x0000000750400000| Untracked 
| 610|0x0000000750600000, 0x0000000750600000, 0x0000000750800000|  0%| F|  |TAMS 0x0000000750600000| PB 0x0000000750600000| Untracked 
| 611|0x0000000750800000, 0x0000000750800000, 0x0000000750a00000|  0%| F|  |TAMS 0x0000000750800000| PB 0x0000000750800000| Untracked 
| 612|0x0000000750a00000, 0x0000000750a00000, 0x0000000750c00000|  0%| F|  |TAMS 0x0000000750a00000| PB 0x0000000750a00000| Untracked 
| 613|0x0000000750c00000, 0x0000000750c00000, 0x0000000750e00000|  0%| F|  |TAMS 0x0000000750c00000| PB 0x0000000750c00000| Untracked 
| 614|0x0000000750e00000, 0x0000000750e00000, 0x0000000751000000|  0%| F|  |TAMS 0x0000000750e00000| PB 0x0000000750e00000| Untracked 
| 615|0x0000000751000000, 0x0000000751000000, 0x0000000751200000|  0%| F|  |TAMS 0x0000000751000000| PB 0x0000000751000000| Untracked 
| 616|0x0000000751200000, 0x0000000751200000, 0x0000000751400000|  0%| F|  |TAMS 0x0000000751200000| PB 0x0000000751200000| Untracked 
| 617|0x0000000751400000, 0x0000000751400000, 0x0000000751600000|  0%| F|  |TAMS 0x0000000751400000| PB 0x0000000751400000| Untracked 
| 618|0x0000000751600000, 0x0000000751600000, 0x0000000751800000|  0%| F|  |TAMS 0x0000000751600000| PB 0x0000000751600000| Untracked 
| 619|0x0000000751800000, 0x0000000751800000, 0x0000000751a00000|  0%| F|  |TAMS 0x0000000751800000| PB 0x0000000751800000| Untracked 
| 620|0x0000000751a00000, 0x0000000751a00000, 0x0000000751c00000|  0%| F|  |TAMS 0x0000000751a00000| PB 0x0000000751a00000| Untracked 
| 621|0x0000000751c00000, 0x0000000751c00000, 0x0000000751e00000|  0%| F|  |TAMS 0x0000000751c00000| PB 0x0000000751c00000| Untracked 
| 622|0x0000000751e00000, 0x0000000751e00000, 0x0000000752000000|  0%| F|  |TAMS 0x0000000751e00000| PB 0x0000000751e00000| Untracked 
| 623|0x0000000752000000, 0x0000000752000000, 0x0000000752200000|  0%| F|  |TAMS 0x0000000752000000| PB 0x0000000752000000| Untracked 
| 624|0x0000000752200000, 0x0000000752200000, 0x0000000752400000|  0%| F|  |TAMS 0x0000000752200000| PB 0x0000000752200000| Untracked 
| 625|0x0000000752400000, 0x0000000752400000, 0x0000000752600000|  0%| F|  |TAMS 0x0000000752400000| PB 0x0000000752400000| Untracked 
| 626|0x0000000752600000, 0x0000000752600000, 0x0000000752800000|  0%| F|  |TAMS 0x0000000752600000| PB 0x0000000752600000| Untracked 
| 627|0x0000000752800000, 0x0000000752800000, 0x0000000752a00000|  0%| F|  |TAMS 0x0000000752800000| PB 0x0000000752800000| Untracked 
| 628|0x0000000752a00000, 0x0000000752a00000, 0x0000000752c00000|  0%| F|  |TAMS 0x0000000752a00000| PB 0x0000000752a00000| Untracked 
| 629|0x0000000752c00000, 0x0000000752c00000, 0x0000000752e00000|  0%| F|  |TAMS 0x0000000752c00000| PB 0x0000000752c00000| Untracked 
| 630|0x0000000752e00000, 0x0000000752e00000, 0x0000000753000000|  0%| F|  |TAMS 0x0000000752e00000| PB 0x0000000752e00000| Untracked 
| 631|0x0000000753000000, 0x0000000753000000, 0x0000000753200000|  0%| F|  |TAMS 0x0000000753000000| PB 0x0000000753000000| Untracked 
| 632|0x0000000753200000, 0x0000000753200000, 0x0000000753400000|  0%| F|  |TAMS 0x0000000753200000| PB 0x0000000753200000| Untracked 
| 633|0x0000000753400000, 0x0000000753400000, 0x0000000753600000|  0%| F|  |TAMS 0x0000000753400000| PB 0x0000000753400000| Untracked 
| 634|0x0000000753600000, 0x0000000753600000, 0x0000000753800000|  0%| F|  |TAMS 0x0000000753600000| PB 0x0000000753600000| Untracked 
| 635|0x0000000753800000, 0x0000000753800000, 0x0000000753a00000|  0%| F|  |TAMS 0x0000000753800000| PB 0x0000000753800000| Untracked 
| 636|0x0000000753a00000, 0x0000000753a00000, 0x0000000753c00000|  0%| F|  |TAMS 0x0000000753a00000| PB 0x0000000753a00000| Untracked 
| 637|0x0000000753c00000, 0x0000000753c00000, 0x0000000753e00000|  0%| F|  |TAMS 0x0000000753c00000| PB 0x0000000753c00000| Untracked 
| 638|0x0000000753e00000, 0x0000000753e00000, 0x0000000754000000|  0%| F|  |TAMS 0x0000000753e00000| PB 0x0000000753e00000| Untracked 
| 639|0x0000000754000000, 0x0000000754000000, 0x0000000754200000|  0%| F|  |TAMS 0x0000000754000000| PB 0x0000000754000000| Untracked 
| 640|0x0000000754200000, 0x0000000754200000, 0x0000000754400000|  0%| F|  |TAMS 0x0000000754200000| PB 0x0000000754200000| Untracked 
| 641|0x0000000754400000, 0x0000000754400000, 0x0000000754600000|  0%| F|  |TAMS 0x0000000754400000| PB 0x0000000754400000| Untracked 
| 642|0x0000000754600000, 0x0000000754600000, 0x0000000754800000|  0%| F|  |TAMS 0x0000000754600000| PB 0x0000000754600000| Untracked 
| 643|0x0000000754800000, 0x0000000754800000, 0x0000000754a00000|  0%| F|  |TAMS 0x0000000754800000| PB 0x0000000754800000| Untracked 
| 644|0x0000000754a00000, 0x0000000754a00000, 0x0000000754c00000|  0%| F|  |TAMS 0x0000000754a00000| PB 0x0000000754a00000| Untracked 
| 645|0x0000000754c00000, 0x0000000754c00000, 0x0000000754e00000|  0%| F|  |TAMS 0x0000000754c00000| PB 0x0000000754c00000| Untracked 
| 646|0x0000000754e00000, 0x0000000754e00000, 0x0000000755000000|  0%| F|  |TAMS 0x0000000754e00000| PB 0x0000000754e00000| Untracked 
| 647|0x0000000755000000, 0x0000000755000000, 0x0000000755200000|  0%| F|  |TAMS 0x0000000755000000| PB 0x0000000755000000| Untracked 
| 648|0x0000000755200000, 0x0000000755200000, 0x0000000755400000|  0%| F|  |TAMS 0x0000000755200000| PB 0x0000000755200000| Untracked 
| 649|0x0000000755400000, 0x0000000755400000, 0x0000000755600000|  0%| F|  |TAMS 0x0000000755400000| PB 0x0000000755400000| Untracked 
| 650|0x0000000755600000, 0x0000000755600000, 0x0000000755800000|  0%| F|  |TAMS 0x0000000755600000| PB 0x0000000755600000| Untracked 
| 651|0x0000000755800000, 0x0000000755800000, 0x0000000755a00000|  0%| F|  |TAMS 0x0000000755800000| PB 0x0000000755800000| Untracked 
| 652|0x0000000755a00000, 0x0000000755a00000, 0x0000000755c00000|  0%| F|  |TAMS 0x0000000755a00000| PB 0x0000000755a00000| Untracked 
| 653|0x0000000755c00000, 0x0000000755c00000, 0x0000000755e00000|  0%| F|  |TAMS 0x0000000755c00000| PB 0x0000000755c00000| Untracked 
| 654|0x0000000755e00000, 0x0000000755e00000, 0x0000000756000000|  0%| F|  |TAMS 0x0000000755e00000| PB 0x0000000755e00000| Untracked 
| 655|0x0000000756000000, 0x0000000756000000, 0x0000000756200000|  0%| F|  |TAMS 0x0000000756000000| PB 0x0000000756000000| Untracked 
| 656|0x0000000756200000, 0x0000000756200000, 0x0000000756400000|  0%| F|  |TAMS 0x0000000756200000| PB 0x0000000756200000| Untracked 
| 657|0x0000000756400000, 0x0000000756400000, 0x0000000756600000|  0%| F|  |TAMS 0x0000000756400000| PB 0x0000000756400000| Untracked 
| 658|0x0000000756600000, 0x0000000756600000, 0x0000000756800000|  0%| F|  |TAMS 0x0000000756600000| PB 0x0000000756600000| Untracked 
| 659|0x0000000756800000, 0x0000000756800000, 0x0000000756a00000|  0%| F|  |TAMS 0x0000000756800000| PB 0x0000000756800000| Untracked 
| 660|0x0000000756a00000, 0x0000000756a00000, 0x0000000756c00000|  0%| F|  |TAMS 0x0000000756a00000| PB 0x0000000756a00000| Untracked 
| 661|0x0000000756c00000, 0x0000000756c00000, 0x0000000756e00000|  0%| F|  |TAMS 0x0000000756c00000| PB 0x0000000756c00000| Untracked 
| 662|0x0000000756e00000, 0x0000000756e00000, 0x0000000757000000|  0%| F|  |TAMS 0x0000000756e00000| PB 0x0000000756e00000| Untracked 
| 663|0x0000000757000000, 0x0000000757000000, 0x0000000757200000|  0%| F|  |TAMS 0x0000000757000000| PB 0x0000000757000000| Untracked 
| 664|0x0000000757200000, 0x0000000757200000, 0x0000000757400000|  0%| F|  |TAMS 0x0000000757200000| PB 0x0000000757200000| Untracked 
| 665|0x0000000757400000, 0x0000000757400000, 0x0000000757600000|  0%| F|  |TAMS 0x0000000757400000| PB 0x0000000757400000| Untracked 
| 666|0x0000000757600000, 0x0000000757600000, 0x0000000757800000|  0%| F|  |TAMS 0x0000000757600000| PB 0x0000000757600000| Untracked 
| 667|0x0000000757800000, 0x0000000757800000, 0x0000000757a00000|  0%| F|  |TAMS 0x0000000757800000| PB 0x0000000757800000| Untracked 
| 668|0x0000000757a00000, 0x0000000757a00000, 0x0000000757c00000|  0%| F|  |TAMS 0x0000000757a00000| PB 0x0000000757a00000| Untracked 
| 669|0x0000000757c00000, 0x0000000757c00000, 0x0000000757e00000|  0%| F|  |TAMS 0x0000000757c00000| PB 0x0000000757c00000| Untracked 
| 670|0x0000000757e00000, 0x0000000757e00000, 0x0000000758000000|  0%| F|  |TAMS 0x0000000757e00000| PB 0x0000000757e00000| Untracked 
| 671|0x0000000758000000, 0x0000000758000000, 0x0000000758200000|  0%| F|  |TAMS 0x0000000758000000| PB 0x0000000758000000| Untracked 
| 672|0x0000000758200000, 0x0000000758200000, 0x0000000758400000|  0%| F|  |TAMS 0x0000000758200000| PB 0x0000000758200000| Untracked 
| 673|0x0000000758400000, 0x0000000758400000, 0x0000000758600000|  0%| F|  |TAMS 0x0000000758400000| PB 0x0000000758400000| Untracked 
| 674|0x0000000758600000, 0x0000000758600000, 0x0000000758800000|  0%| F|  |TAMS 0x0000000758600000| PB 0x0000000758600000| Untracked 
| 675|0x0000000758800000, 0x0000000758800000, 0x0000000758a00000|  0%| F|  |TAMS 0x0000000758800000| PB 0x0000000758800000| Untracked 
| 676|0x0000000758a00000, 0x0000000758a00000, 0x0000000758c00000|  0%| F|  |TAMS 0x0000000758a00000| PB 0x0000000758a00000| Untracked 
| 677|0x0000000758c00000, 0x0000000758c00000, 0x0000000758e00000|  0%| F|  |TAMS 0x0000000758c00000| PB 0x0000000758c00000| Untracked 
| 678|0x0000000758e00000, 0x0000000758e00000, 0x0000000759000000|  0%| F|  |TAMS 0x0000000758e00000| PB 0x0000000758e00000| Untracked 
| 679|0x0000000759000000, 0x0000000759000000, 0x0000000759200000|  0%| F|  |TAMS 0x0000000759000000| PB 0x0000000759000000| Untracked 
| 680|0x0000000759200000, 0x0000000759400000, 0x0000000759400000|100%| S|CS|TAMS 0x0000000759200000| PB 0x0000000759200000| Complete 
| 681|0x0000000759400000, 0x0000000759600000, 0x0000000759600000|100%| S|CS|TAMS 0x0000000759400000| PB 0x0000000759400000| Complete 
| 682|0x0000000759600000, 0x0000000759800000, 0x0000000759800000|100%| S|CS|TAMS 0x0000000759600000| PB 0x0000000759600000| Complete 
| 683|0x0000000759800000, 0x0000000759a00000, 0x0000000759a00000|100%| S|CS|TAMS 0x0000000759800000| PB 0x0000000759800000| Complete 
| 684|0x0000000759a00000, 0x0000000759c00000, 0x0000000759c00000|100%| S|CS|TAMS 0x0000000759a00000| PB 0x0000000759a00000| Complete 
| 685|0x0000000759c00000, 0x0000000759e00000, 0x0000000759e00000|100%| S|CS|TAMS 0x0000000759c00000| PB 0x0000000759c00000| Complete 
| 686|0x0000000759e00000, 0x000000075a000000, 0x000000075a000000|100%| S|CS|TAMS 0x0000000759e00000| PB 0x0000000759e00000| Complete 
| 687|0x000000075a000000, 0x000000075a200000, 0x000000075a200000|100%| S|CS|TAMS 0x000000075a000000| PB 0x000000075a000000| Complete 
| 688|0x000000075a200000, 0x000000075a400000, 0x000000075a400000|100%| S|CS|TAMS 0x000000075a200000| PB 0x000000075a200000| Complete 
| 689|0x000000075a400000, 0x000000075a600000, 0x000000075a600000|100%| S|CS|TAMS 0x000000075a400000| PB 0x000000075a400000| Complete 
| 690|0x000000075a600000, 0x000000075a600000, 0x000000075a800000|  0%| F|  |TAMS 0x000000075a600000| PB 0x000000075a600000| Untracked 
| 691|0x000000075a800000, 0x000000075a800000, 0x000000075aa00000|  0%| F|  |TAMS 0x000000075a800000| PB 0x000000075a800000| Untracked 
| 692|0x000000075aa00000, 0x000000075aa00000, 0x000000075ac00000|  0%| F|  |TAMS 0x000000075aa00000| PB 0x000000075aa00000| Untracked 
| 693|0x000000075ac00000, 0x000000075ac00000, 0x000000075ae00000|  0%| F|  |TAMS 0x000000075ac00000| PB 0x000000075ac00000| Untracked 
| 694|0x000000075ae00000, 0x000000075ae00000, 0x000000075b000000|  0%| F|  |TAMS 0x000000075ae00000| PB 0x000000075ae00000| Untracked 
| 695|0x000000075b000000, 0x000000075b000000, 0x000000075b200000|  0%| F|  |TAMS 0x000000075b000000| PB 0x000000075b000000| Untracked 
| 696|0x000000075b200000, 0x000000075b200000, 0x000000075b400000|  0%| F|  |TAMS 0x000000075b200000| PB 0x000000075b200000| Untracked 
| 697|0x000000075b400000, 0x000000075b400000, 0x000000075b600000|  0%| F|  |TAMS 0x000000075b400000| PB 0x000000075b400000| Untracked 
| 698|0x000000075b600000, 0x000000075b600000, 0x000000075b800000|  0%| F|  |TAMS 0x000000075b600000| PB 0x000000075b600000| Untracked 
| 699|0x000000075b800000, 0x000000075b800000, 0x000000075ba00000|  0%| F|  |TAMS 0x000000075b800000| PB 0x000000075b800000| Untracked 
| 700|0x000000075ba00000, 0x000000075ba00000, 0x000000075bc00000|  0%| F|  |TAMS 0x000000075ba00000| PB 0x000000075ba00000| Untracked 
| 701|0x000000075bc00000, 0x000000075bc00000, 0x000000075be00000|  0%| F|  |TAMS 0x000000075bc00000| PB 0x000000075bc00000| Untracked 
| 702|0x000000075be00000, 0x000000075be00000, 0x000000075c000000|  0%| F|  |TAMS 0x000000075be00000| PB 0x000000075be00000| Untracked 
| 703|0x000000075c000000, 0x000000075c000000, 0x000000075c200000|  0%| F|  |TAMS 0x000000075c000000| PB 0x000000075c000000| Untracked 
| 704|0x000000075c200000, 0x000000075c200000, 0x000000075c400000|  0%| F|  |TAMS 0x000000075c200000| PB 0x000000075c200000| Untracked 
| 705|0x000000075c400000, 0x000000075c400000, 0x000000075c600000|  0%| F|  |TAMS 0x000000075c400000| PB 0x000000075c400000| Untracked 
| 706|0x000000075c600000, 0x000000075c600000, 0x000000075c800000|  0%| F|  |TAMS 0x000000075c600000| PB 0x000000075c600000| Untracked 
| 707|0x000000075c800000, 0x000000075c800000, 0x000000075ca00000|  0%| F|  |TAMS 0x000000075c800000| PB 0x000000075c800000| Untracked 
| 708|0x000000075ca00000, 0x000000075ca00000, 0x000000075cc00000|  0%| F|  |TAMS 0x000000075ca00000| PB 0x000000075ca00000| Untracked 
| 709|0x000000075cc00000, 0x000000075cc00000, 0x000000075ce00000|  0%| F|  |TAMS 0x000000075cc00000| PB 0x000000075cc00000| Untracked 
| 710|0x000000075ce00000, 0x000000075ce00000, 0x000000075d000000|  0%| F|  |TAMS 0x000000075ce00000| PB 0x000000075ce00000| Untracked 
| 711|0x000000075d000000, 0x000000075d000000, 0x000000075d200000|  0%| F|  |TAMS 0x000000075d000000| PB 0x000000075d000000| Untracked 
| 712|0x000000075d200000, 0x000000075d200000, 0x000000075d400000|  0%| F|  |TAMS 0x000000075d200000| PB 0x000000075d200000| Untracked 
| 713|0x000000075d400000, 0x000000075d400000, 0x000000075d600000|  0%| F|  |TAMS 0x000000075d400000| PB 0x000000075d400000| Untracked 
| 714|0x000000075d600000, 0x000000075d600000, 0x000000075d800000|  0%| F|  |TAMS 0x000000075d600000| PB 0x000000075d600000| Untracked 
| 715|0x000000075d800000, 0x000000075d800000, 0x000000075da00000|  0%| F|  |TAMS 0x000000075d800000| PB 0x000000075d800000| Untracked 
| 716|0x000000075da00000, 0x000000075da00000, 0x000000075dc00000|  0%| F|  |TAMS 0x000000075da00000| PB 0x000000075da00000| Untracked 
| 717|0x000000075dc00000, 0x000000075dc00000, 0x000000075de00000|  0%| F|  |TAMS 0x000000075dc00000| PB 0x000000075dc00000| Untracked 
| 718|0x000000075de00000, 0x000000075de00000, 0x000000075e000000|  0%| F|  |TAMS 0x000000075de00000| PB 0x000000075de00000| Untracked 
| 719|0x000000075e000000, 0x000000075e000000, 0x000000075e200000|  0%| F|  |TAMS 0x000000075e000000| PB 0x000000075e000000| Untracked 
| 720|0x000000075e200000, 0x000000075e200000, 0x000000075e400000|  0%| F|  |TAMS 0x000000075e200000| PB 0x000000075e200000| Untracked 
| 721|0x000000075e400000, 0x000000075e400000, 0x000000075e600000|  0%| F|  |TAMS 0x000000075e400000| PB 0x000000075e400000| Untracked 
| 722|0x000000075e600000, 0x000000075e600000, 0x000000075e800000|  0%| F|  |TAMS 0x000000075e600000| PB 0x000000075e600000| Untracked 
| 723|0x000000075e800000, 0x000000075e800000, 0x000000075ea00000|  0%| F|  |TAMS 0x000000075e800000| PB 0x000000075e800000| Untracked 
| 724|0x000000075ea00000, 0x000000075ea00000, 0x000000075ec00000|  0%| F|  |TAMS 0x000000075ea00000| PB 0x000000075ea00000| Untracked 
| 725|0x000000075ec00000, 0x000000075ec00000, 0x000000075ee00000|  0%| F|  |TAMS 0x000000075ec00000| PB 0x000000075ec00000| Untracked 
| 726|0x000000075ee00000, 0x000000075ee00000, 0x000000075f000000|  0%| F|  |TAMS 0x000000075ee00000| PB 0x000000075ee00000| Untracked 
| 727|0x000000075f000000, 0x000000075f000000, 0x000000075f200000|  0%| F|  |TAMS 0x000000075f000000| PB 0x000000075f000000| Untracked 
| 728|0x000000075f200000, 0x000000075f200000, 0x000000075f400000|  0%| F|  |TAMS 0x000000075f200000| PB 0x000000075f200000| Untracked 
| 729|0x000000075f400000, 0x000000075f400000, 0x000000075f600000|  0%| F|  |TAMS 0x000000075f400000| PB 0x000000075f400000| Untracked 
| 730|0x000000075f600000, 0x000000075f600000, 0x000000075f800000|  0%| F|  |TAMS 0x000000075f600000| PB 0x000000075f600000| Untracked 
| 731|0x000000075f800000, 0x000000075f800000, 0x000000075fa00000|  0%| F|  |TAMS 0x000000075f800000| PB 0x000000075f800000| Untracked 
| 732|0x000000075fa00000, 0x000000075fa00000, 0x000000075fc00000|  0%| F|  |TAMS 0x000000075fa00000| PB 0x000000075fa00000| Untracked 
| 733|0x000000075fc00000, 0x000000075fc00000, 0x000000075fe00000|  0%| F|  |TAMS 0x000000075fc00000| PB 0x000000075fc00000| Untracked 
| 734|0x000000075fe00000, 0x000000075fe00000, 0x0000000760000000|  0%| F|  |TAMS 0x000000075fe00000| PB 0x000000075fe00000| Untracked 
| 735|0x0000000760000000, 0x0000000760000000, 0x0000000760200000|  0%| F|  |TAMS 0x0000000760000000| PB 0x0000000760000000| Untracked 
| 736|0x0000000760200000, 0x0000000760200000, 0x0000000760400000|  0%| F|  |TAMS 0x0000000760200000| PB 0x0000000760200000| Untracked 
| 737|0x0000000760400000, 0x0000000760400000, 0x0000000760600000|  0%| F|  |TAMS 0x0000000760400000| PB 0x0000000760400000| Untracked 
| 738|0x0000000760600000, 0x0000000760600000, 0x0000000760800000|  0%| F|  |TAMS 0x0000000760600000| PB 0x0000000760600000| Untracked 
| 739|0x0000000760800000, 0x0000000760800000, 0x0000000760a00000|  0%| F|  |TAMS 0x0000000760800000| PB 0x0000000760800000| Untracked 
| 740|0x0000000760a00000, 0x0000000760a00000, 0x0000000760c00000|  0%| F|  |TAMS 0x0000000760a00000| PB 0x0000000760a00000| Untracked 
| 741|0x0000000760c00000, 0x0000000760c00000, 0x0000000760e00000|  0%| F|  |TAMS 0x0000000760c00000| PB 0x0000000760c00000| Untracked 
| 742|0x0000000760e00000, 0x0000000760e00000, 0x0000000761000000|  0%| F|  |TAMS 0x0000000760e00000| PB 0x0000000760e00000| Untracked 
| 743|0x0000000761000000, 0x0000000761000000, 0x0000000761200000|  0%| F|  |TAMS 0x0000000761000000| PB 0x0000000761000000| Untracked 
| 744|0x0000000761200000, 0x0000000761200000, 0x0000000761400000|  0%| F|  |TAMS 0x0000000761200000| PB 0x0000000761200000| Untracked 
| 745|0x0000000761400000, 0x0000000761400000, 0x0000000761600000|  0%| F|  |TAMS 0x0000000761400000| PB 0x0000000761400000| Untracked 
| 746|0x0000000761600000, 0x0000000761600000, 0x0000000761800000|  0%| F|  |TAMS 0x0000000761600000| PB 0x0000000761600000| Untracked 
| 747|0x0000000761800000, 0x0000000761800000, 0x0000000761a00000|  0%| F|  |TAMS 0x0000000761800000| PB 0x0000000761800000| Untracked 
| 748|0x0000000761a00000, 0x0000000761a00000, 0x0000000761c00000|  0%| F|  |TAMS 0x0000000761a00000| PB 0x0000000761a00000| Untracked 
| 749|0x0000000761c00000, 0x0000000761c00000, 0x0000000761e00000|  0%| F|  |TAMS 0x0000000761c00000| PB 0x0000000761c00000| Untracked 
| 750|0x0000000761e00000, 0x0000000761e00000, 0x0000000762000000|  0%| F|  |TAMS 0x0000000761e00000| PB 0x0000000761e00000| Untracked 
| 751|0x0000000762000000, 0x0000000762000000, 0x0000000762200000|  0%| F|  |TAMS 0x0000000762000000| PB 0x0000000762000000| Untracked 
| 752|0x0000000762200000, 0x0000000762200000, 0x0000000762400000|  0%| F|  |TAMS 0x0000000762200000| PB 0x0000000762200000| Untracked 
| 753|0x0000000762400000, 0x0000000762400000, 0x0000000762600000|  0%| F|  |TAMS 0x0000000762400000| PB 0x0000000762400000| Untracked 
| 754|0x0000000762600000, 0x0000000762600000, 0x0000000762800000|  0%| F|  |TAMS 0x0000000762600000| PB 0x0000000762600000| Untracked 
|2006|0x00000007fee00000, 0x00000007fee00000, 0x00000007ff000000|  0%| F|  |TAMS 0x00000007fee00000| PB 0x00000007fee00000| Untracked 
|2007|0x00000007ff000000, 0x00000007ff000000, 0x00000007ff200000|  0%| F|  |TAMS 0x00000007ff000000| PB 0x00000007ff000000| Untracked 
|2008|0x00000007ff200000, 0x00000007ff200000, 0x00000007ff400000|  0%| F|  |TAMS 0x00000007ff200000| PB 0x00000007ff200000| Untracked 
|2009|0x00000007ff400000, 0x00000007ff500800, 0x00000007ff600000| 50%| E|  |TAMS 0x00000007ff400000| PB 0x00000007ff400000| Complete 
|2010|0x00000007ff600000, 0x00000007ff800000, 0x00000007ff800000|100%| E|CS|TAMS 0x00000007ff600000| PB 0x00000007ff600000| Complete 
|2011|0x00000007ff800000, 0x00000007ffa00000, 0x00000007ffa00000|100%| E|CS|TAMS 0x00000007ff800000| PB 0x00000007ff800000| Complete 
|2012|0x00000007ffa00000, 0x00000007ffc00000, 0x00000007ffc00000|100%| E|CS|TAMS 0x00000007ffa00000| PB 0x00000007ffa00000| Complete 
|2013|0x00000007ffc00000, 0x00000007ffe00000, 0x00000007ffe00000|100%| O|  |TAMS 0x00000007ffe00000| PB 0x00000007ffe00000| Updating 
|2014|0x00000007ffe00000, 0x0000000800000000, 0x0000000800000000|100%| E|CS|TAMS 0x00000007ffe00000| PB 0x00000007ffe00000| Complete 

Card table byte_map: [0x0000026e67f40000,0x0000026e68720000] _byte_map_base: 0x0000026e6471f000

Marking Bits: (CMBitMap*) 0x0000026e5ec2f570
 Bits: [0x0000026e68720000, 0x0000026e6c618000)

Polling page: 0x0000026e5ec60000

Metaspace:

Usage:
  Non-class:     56.52 MB used.
      Class:      8.80 MB used.
       Both:     65.32 MB used.

Virtual space:
  Non-class space:       64.00 MB reserved,      56.88 MB ( 89%) committed,  1 nodes.
      Class space:        1.00 GB reserved,       9.12 MB ( <1%) committed,  1 nodes.
             Both:        1.06 GB reserved,      66.00 MB (  6%) committed. 

Chunk freelists:
   Non-Class:  6.64 MB
       Class:  6.78 MB
        Both:  13.42 MB

MaxMetaspaceSize: unlimited
CompressedClassSpaceSize: 1.00 GB
Initial GC threshold: 21.00 MB
Current GC threshold: 110.00 MB
CDS: off
 - commit_granule_bytes: 65536.
 - commit_granule_words: 8192.
 - virtual_space_node_default_size: 8388608.
 - enlarge_chunks_in_place: 1.
 - use_allocation_guard: 0.


Internal statistics:

num_allocs_failed_limit: 12.
num_arena_births: 878.
num_arena_deaths: 0.
num_vsnodes_births: 2.
num_vsnodes_deaths: 0.
num_space_committed: 1056.
num_space_uncommitted: 0.
num_chunks_returned_to_freelist: 12.
num_chunks_taken_from_freelist: 2853.
num_chunk_merges: 12.
num_chunk_splits: 2079.
num_chunks_enlarged: 1612.
num_inconsistent_stats: 0.

CodeCache: size=49152Kb used=9492Kb max_used=10873Kb free=39659Kb
 bounds [0x0000026e63ff0000, 0x0000026e64af0000, 0x0000026e66ff0000]
 total_blobs=5251 nmethods=4587 adapters=586
 compilation: enabled
              stopped_count=0, restarted_count=0
 full_count=0

Compilation events (20 events):
Event: 48.288 Thread 0x0000026e6f3abae0 nmethod 5094 0x0000026e6431f590 code [0x0000026e6431f7e0, 0x0000026e6431fd70]
Event: 48.288 Thread 0x0000026e6f21e140 nmethod 5096 0x0000026e6431eb90 code [0x0000026e6431eda0, 0x0000026e6431f2a0]
Event: 48.288 Thread 0x0000026e6f3abae0 5097       1       java.lang.String::valueOf (5 bytes)
Event: 48.288 Thread 0x0000026e6f21e140 5098   !   1       java.util.Collections$SynchronizedMap::get (25 bytes)
Event: 48.288 Thread 0x0000026e6f3abae0 nmethod 5097 0x0000026e6431e890 code [0x0000026e6431ea20, 0x0000026e6431eae0]
Event: 48.288 Thread 0x0000026e6f3abae0 5099   !   1       org.postgresql.jdbc.TypeInfoCache::getSQLType (240 bytes)
Event: 48.288 Thread 0x0000026e6f21e140 nmethod 5098 0x0000026e6431e410 code [0x0000026e6431e5c0, 0x0000026e6431e7b0]
Event: 48.288 Thread 0x0000026e6f21e140 5100   !   1       org.postgresql.jdbc.TypeInfoCache::getPGType (440 bytes)
Event: 48.291 Thread 0x0000026e6f3abae0 nmethod 5099 0x0000026e6431c190 code [0x0000026e6431c540, 0x0000026e6431d540]
Event: 48.291 Thread 0x0000026e6f3abae0 5101       1       org.postgresql.jdbc.TypeInfoCache::getScale (127 bytes)
Event: 48.291 Thread 0x0000026e6f3abae0 nmethod 5101 0x0000026e6431bc10 code [0x0000026e6431bde0, 0x0000026e6431c0e8]
Event: 48.291 Thread 0x0000026e6f3abae0 5102       1       org.postgresql.jdbc.TypeInfoCache::getPrecision (258 bytes)
Event: 48.292 Thread 0x0000026e6f3abae0 nmethod 5102 0x0000026e6431b490 code [0x0000026e6431b6a0, 0x0000026e6431bb78]
Event: 48.293 Thread 0x0000026e6f21e140 nmethod 5100 0x0000026e64317a90 code [0x0000026e64318020, 0x0000026e64319a98]
Event: 48.555 Thread 0x0000026e6f3abae0 5103       1       org.postgresql.jdbc.TypeInfoCache::getDisplaySize (413 bytes)
Event: 48.556 Thread 0x0000026e6f3abae0 nmethod 5103 0x0000026e64317090 code [0x0000026e643172e0, 0x0000026e643179b0]
Event: 48.786 Thread 0x0000026e6f21e140 5104 %     1       org.postgresql.jdbc.PgDatabaseMetaData::getColumns @ 902 (1907 bytes)
Event: 48.803 Thread 0x0000026e6f21e140 nmethod 5104% 0x0000026e64304910 code [0x0000026e64305be0, 0x0000026e64310a18]
Event: 48.809 Thread 0x0000026e6f21e140 5105       1       org.postgresql.jdbc.PgDatabaseMetaData::getColumns (1907 bytes)
Event: 48.826 Thread 0x0000026e6f21e140 nmethod 5105 0x0000026e642f2910 code [0x0000026e642f3bc0, 0x0000026e642fe410]

GC Heap History (20 events):
Event: 34.396 GC heap before
{Heap before GC invocations=37 (full 0):
 garbage-first heap   total 880640K, used 561740K [0x0000000704200000, 0x0000000800000000)
  region size 2048K, 21 young (43008K), 4 survivors (8192K)
 Metaspace       used 66886K, committed 67584K, reserved 1114112K
  class space    used 9014K, committed 9344K, reserved 1048576K
}
Event: 34.412 GC heap after
{Heap after GC invocations=38 (full 0):
 garbage-first heap   total 880640K, used 565836K [0x0000000704200000, 0x0000000800000000)
  region size 2048K, 3 young (6144K), 3 survivors (6144K)
 Metaspace       used 66886K, committed 67584K, reserved 1114112K
  class space    used 9014K, committed 9344K, reserved 1048576K
}
Event: 37.009 GC heap before
{Heap before GC invocations=38 (full 0):
 garbage-first heap   total 880640K, used 662092K [0x0000000704200000, 0x0000000800000000)
  region size 2048K, 50 young (102400K), 3 survivors (6144K)
 Metaspace       used 66886K, committed 67584K, reserved 1114112K
  class space    used 9014K, committed 9344K, reserved 1048576K
}
Event: 37.043 GC heap after
{Heap after GC invocations=39 (full 0):
 garbage-first heap   total 880640K, used 657996K [0x0000000704200000, 0x0000000800000000)
  region size 2048K, 7 young (14336K), 7 survivors (14336K)
 Metaspace       used 66886K, committed 67584K, reserved 1114112K
  class space    used 9014K, committed 9344K, reserved 1048576K
}
Event: 37.696 GC heap before
{Heap before GC invocations=39 (full 0):
 garbage-first heap   total 880640K, used 682572K [0x0000000704200000, 0x0000000800000000)
  region size 2048K, 20 young (40960K), 7 survivors (14336K)
 Metaspace       used 66887K, committed 67584K, reserved 1114112K
  class space    used 9014K, committed 9344K, reserved 1048576K
}
Event: 37.711 GC heap after
{Heap after GC invocations=40 (full 0):
 garbage-first heap   total 880640K, used 686668K [0x0000000704200000, 0x0000000800000000)
  region size 2048K, 5 young (10240K), 5 survivors (10240K)
 Metaspace       used 66887K, committed 67584K, reserved 1114112K
  class space    used 9014K, committed 9344K, reserved 1048576K
}
Event: 39.225 GC heap before
{Heap before GC invocations=41 (full 0):
 garbage-first heap   total 1155072K, used 748108K [0x0000000704200000, 0x0000000800000000)
  region size 2048K, 33 young (67584K), 5 survivors (10240K)
 Metaspace       used 66887K, committed 67584K, reserved 1114112K
  class space    used 9014K, committed 9344K, reserved 1048576K
}
Event: 39.260 GC heap after
{Heap after GC invocations=42 (full 0):
 garbage-first heap   total 1155072K, used 752204K [0x0000000704200000, 0x0000000800000000)
  region size 2048K, 5 young (10240K), 5 survivors (10240K)
 Metaspace       used 66887K, committed 67584K, reserved 1114112K
  class space    used 9014K, committed 9344K, reserved 1048576K
}
Event: 42.570 GC heap before
{Heap before GC invocations=42 (full 0):
 garbage-first heap   total 1155072K, used 875084K [0x0000000704200000, 0x0000000800000000)
  region size 2048K, 65 young (133120K), 5 survivors (10240K)
 Metaspace       used 66887K, committed 67584K, reserved 1114112K
  class space    used 9014K, committed 9344K, reserved 1048576K
}
Event: 42.615 GC heap after
{Heap after GC invocations=43 (full 0):
 garbage-first heap   total 1155072K, used 870988K [0x0000000704200000, 0x0000000800000000)
  region size 2048K, 9 young (18432K), 9 survivors (18432K)
 Metaspace       used 66887K, committed 67584K, reserved 1114112K
  class space    used 9014K, committed 9344K, reserved 1048576K
}
Event: 44.188 GC heap before
{Heap before GC invocations=43 (full 0):
 garbage-first heap   total 1155072K, used 926284K [0x0000000704200000, 0x0000000800000000)
  region size 2048K, 37 young (75776K), 9 survivors (18432K)
 Metaspace       used 66887K, committed 67584K, reserved 1114112K
  class space    used 9014K, committed 9344K, reserved 1048576K
}
Event: 44.214 GC heap after
{Heap after GC invocations=44 (full 0):
 garbage-first heap   total 1155072K, used 931404K [0x0000000704200000, 0x0000000800000000)
  region size 2048K, 7 young (14336K), 7 survivors (14336K)
 Metaspace       used 66887K, committed 67584K, reserved 1114112K
  class space    used 9014K, committed 9344K, reserved 1048576K
}
Event: 46.036 GC heap before
{Heap before GC invocations=45 (full 0):
 garbage-first heap   total 1564672K, used 1005132K [0x0000000704200000, 0x0000000800000000)
  region size 2048K, 40 young (81920K), 7 survivors (14336K)
 Metaspace       used 66887K, committed 67584K, reserved 1114112K
  class space    used 9014K, committed 9344K, reserved 1048576K
}
Event: 46.073 GC heap after
{Heap after GC invocations=46 (full 0):
 garbage-first heap   total 1564672K, used 1009228K [0x0000000704200000, 0x0000000800000000)
  region size 2048K, 5 young (10240K), 5 survivors (10240K)
 Metaspace       used 66887K, committed 67584K, reserved 1114112K
  class space    used 9014K, committed 9344K, reserved 1048576K
}
Event: 49.222 GC heap before
{Heap before GC invocations=46 (full 0):
 garbage-first heap   total 1564672K, used 1181260K [0x0000000704200000, 0x0000000800000000)
  region size 2048K, 89 young (182272K), 5 survivors (10240K)
 Metaspace       used 66887K, committed 67584K, reserved 1114112K
  class space    used 9014K, committed 9344K, reserved 1048576K
}
Event: 49.269 GC heap after
{Heap after GC invocations=47 (full 0):
 garbage-first heap   total 1564672K, used 1129472K [0x0000000704200000, 0x0000000800000000)
  region size 2048K, 12 young (24576K), 12 survivors (24576K)
 Metaspace       used 66887K, committed 67584K, reserved 1114112K
  class space    used 9014K, committed 9344K, reserved 1048576K
}
Event: 49.702 GC heap before
{Heap before GC invocations=47 (full 0):
 garbage-first heap   total 1564672K, used 1203200K [0x0000000704200000, 0x0000000800000000)
  region size 2048K, 49 young (100352K), 12 survivors (24576K)
 Metaspace       used 66887K, committed 67584K, reserved 1114112K
  class space    used 9014K, committed 9344K, reserved 1048576K
}
Event: 49.727 GC heap after
{Heap after GC invocations=48 (full 0):
 garbage-first heap   total 1564672K, used 1173504K [0x0000000704200000, 0x0000000800000000)
  region size 2048K, 10 young (20480K), 10 survivors (20480K)
 Metaspace       used 66887K, committed 67584K, reserved 1114112K
  class space    used 9014K, committed 9344K, reserved 1048576K
}
Event: 50.533 GC heap before
{Heap before GC invocations=48 (full 0):
 garbage-first heap   total 1564672K, used 1308672K [0x0000000704200000, 0x0000000800000000)
  region size 2048K, 73 young (149504K), 10 survivors (20480K)
 Metaspace       used 66887K, committed 67584K, reserved 1114112K
  class space    used 9014K, committed 9344K, reserved 1048576K
}
Event: 50.579 GC heap after
{Heap after GC invocations=49 (full 0):
 garbage-first heap   total 1564672K, used 1250304K [0x0000000704200000, 0x0000000800000000)
  region size 2048K, 10 young (20480K), 10 survivors (20480K)
 Metaspace       used 66887K, committed 67584K, reserved 1114112K
  class space    used 9014K, committed 9344K, reserved 1048576K
}

Dll operation events (11 events):
Event: 0.025 Loaded shared library E:\Eclipse New\eclipse\plugins\org.eclipse.justj.openjdk.hotspot.jre.full.win32.x86_64_21.0.4.v20240802-1551\jre\bin\java.dll
Event: 0.039 Loaded shared library E:\Eclipse New\eclipse\plugins\org.eclipse.justj.openjdk.hotspot.jre.full.win32.x86_64_21.0.4.v20240802-1551\jre\bin\zip.dll
Event: 0.465 Loaded shared library E:\Eclipse New\eclipse\plugins\org.eclipse.justj.openjdk.hotspot.jre.full.win32.x86_64_21.0.4.v20240802-1551\jre\bin\jimage.dll
Event: 0.486 Loaded shared library E:\Eclipse New\eclipse\plugins\org.eclipse.justj.openjdk.hotspot.jre.full.win32.x86_64_21.0.4.v20240802-1551\jre\bin\net.dll
Event: 0.488 Loaded shared library E:\Eclipse New\eclipse\plugins\org.eclipse.justj.openjdk.hotspot.jre.full.win32.x86_64_21.0.4.v20240802-1551\jre\bin\nio.dll
Event: 0.496 Loaded shared library E:\Eclipse New\eclipse\plugins\org.eclipse.justj.openjdk.hotspot.jre.full.win32.x86_64_21.0.4.v20240802-1551\jre\bin\zip.dll
Event: 0.637 Loaded shared library E:\Eclipse New\eclipse\plugins\org.eclipse.justj.openjdk.hotspot.jre.full.win32.x86_64_21.0.4.v20240802-1551\jre\bin\management.dll
Event: 0.657 Loaded shared library E:\Eclipse New\eclipse\plugins\org.eclipse.justj.openjdk.hotspot.jre.full.win32.x86_64_21.0.4.v20240802-1551\jre\bin\management_ext.dll
Event: 1.249 Loaded shared library E:\Eclipse New\eclipse\plugins\org.eclipse.justj.openjdk.hotspot.jre.full.win32.x86_64_21.0.4.v20240802-1551\jre\bin\extnet.dll
Event: 3.684 Loaded shared library E:\Eclipse New\eclipse\plugins\org.eclipse.justj.openjdk.hotspot.jre.full.win32.x86_64_21.0.4.v20240802-1551\jre\bin\sunmscapi.dll
Event: 7.197 Loaded shared library E:\Eclipse New\eclipse\plugins\org.eclipse.justj.openjdk.hotspot.jre.full.win32.x86_64_21.0.4.v20240802-1551\jre\bin\verify.dll

Deoptimization events (0 events):
No events

Classes loaded (20 events):
Event: 7.898 Loading class java/util/concurrent/CompletableFuture$AltResult
Event: 7.898 Loading class java/util/concurrent/CompletableFuture$AltResult done
Event: 7.898 Loading class java/util/concurrent/CompletableFuture$Completion
Event: 7.898 Loading class java/util/concurrent/CompletableFuture$AsynchronousCompletionTask
Event: 7.898 Loading class java/util/concurrent/CompletableFuture$AsynchronousCompletionTask done
Event: 7.898 Loading class java/util/concurrent/ForkJoinTask
Event: 7.899 Loading class java/util/concurrent/ForkJoinTask done
Event: 7.899 Loading class java/util/concurrent/CompletableFuture$Completion done
Event: 7.948 Loading class java/util/concurrent/CancellationException
Event: 7.948 Loading class java/util/concurrent/CancellationException done
Event: 8.207 Loading class java/util/ArrayList$ListItr
Event: 8.207 Loading class java/util/ArrayList$ListItr done
Event: 8.236 Loading class java/util/AbstractList$SubList
Event: 8.236 Loading class java/util/AbstractList$SubList done
Event: 8.276 Loading class java/lang/reflect/AnnotatedArrayType
Event: 8.276 Loading class java/lang/reflect/AnnotatedArrayType done
Event: 8.297 Loading class java/lang/foreign/ValueLayout
Event: 8.298 Loading class java/lang/foreign/MemoryLayout
Event: 8.298 Loading class java/lang/foreign/MemoryLayout done
Event: 8.298 Loading class java/lang/foreign/ValueLayout done

Classes unloaded (0 events):
No events

Classes redefined (0 events):
No events

Internal exceptions (20 events):
Event: 7.623 Thread 0x0000026e5e908510 Exception <a 'java/lang/NoSuchMethodError'{0x0000000708096320}: 'int java.lang.invoke.Invokers$Holder.invokeExact_MT(java.lang.Object, java.lang.Object)'> (0x0000000708096320) 
thrown [s\src\hotspot\share\interpreter\linkResolver.cpp, line 773]
Event: 7.956 Thread 0x0000026e5e908510 Exception <a 'java/lang/IncompatibleClassChangeError'{0x0000000706c39848}: Found class java.lang.Object, but interface was expected> (0x0000000706c39848) 
thrown [s\src\hotspot\share\interpreter\linkResolver.cpp, line 840]
Event: 7.972 Thread 0x0000026e5e908510 Exception <a 'java/lang/NoSuchMethodError'{0x0000000706d24340}: 'java.lang.Object java.lang.invoke.DirectMethodHandle$Holder.invokeStatic(java.lang.Object, java.lang.Object, int, java.lang.Object)'> (0x0000000706d24340) 
thrown [s\src\hotspot\share\interpreter\linkResolver.cpp, line 773]
Event: 7.972 Thread 0x0000026e5e908510 Exception <a 'java/lang/NoSuchMethodError'{0x0000000706d27b68}: 'java.lang.Object java.lang.invoke.DirectMethodHandle$Holder.invokeStaticInit(java.lang.Object, java.lang.Object, int, java.lang.Object)'> (0x0000000706d27b68) 
thrown [s\src\hotspot\share\interpreter\linkResolver.cpp, line 773]
Event: 8.338 Thread 0x0000026e5e908510 Exception <a 'java/lang/NoSuchMethodError'{0x0000000707d25628}: 'int java.lang.invoke.Invokers$Holder.invokeExact_MT(java.lang.Object, java.lang.Object, java.lang.Object)'> (0x0000000707d25628) 
thrown [s\src\hotspot\share\interpreter\linkResolver.cpp, line 773]
Event: 8.347 Thread 0x0000026e5e908510 Exception <a 'java/lang/NoSuchMethodError'{0x0000000707dc4588}: 'void java.lang.invoke.DirectMethodHandle$Holder.invokeInterface(java.lang.Object, java.lang.Object, int, java.lang.Object)'> (0x0000000707dc4588) 
thrown [s\src\hotspot\share\interpreter\linkResolver.cpp, line 773]
Event: 8.349 Thread 0x0000026e5e908510 Exception <a 'java/lang/NoSuchMethodError'{0x0000000707ded930}: 'java.lang.Object java.lang.invoke.DirectMethodHandle$Holder.newInvokeSpecial(java.lang.Object, java.lang.Object, int, java.lang.Object)'> (0x0000000707ded930) 
thrown [s\src\hotspot\share\interpreter\linkResolver.cpp, line 773]
Event: 8.349 Thread 0x0000026e5e908510 Exception <a 'java/lang/NoSuchMethodError'{0x0000000707df1300}: 'java.lang.Object java.lang.invoke.Invokers$Holder.linkToTargetMethod(java.lang.Object, int, java.lang.Object, java.lang.Object)'> (0x0000000707df1300) 
thrown [s\src\hotspot\share\interpreter\linkResolver.cpp, line 773]
Event: 8.363 Thread 0x0000026e5e908510 Exception <a 'java/lang/NoSuchMethodError'{0x0000000707ae2f30}: 'void java.lang.invoke.DirectMethodHandle$Holder.invokeSpecial(java.lang.Object, java.lang.Object, java.lang.Object, java.lang.Object, java.lang.Object, java.lang.Object, java.lang.Object, java.lang.Object)'> (0x0000000707ae2f30) 
thrown [s\src\hotspot\share\interpreter\linkResolver.cpp, line 773]
Event: 8.367 Thread 0x0000026e5e908510 Exception <a 'java/lang/NoSuchMethodError'{0x0000000707b22510}: 'void java.lang.invoke.DirectMethodHandle$Holder.invokeSpecial(java.lang.Object, java.lang.Object, int, java.lang.Object)'> (0x0000000707b22510) 
thrown [s\src\hotspot\share\interpreter\linkResolver.cpp, line 773]
Event: 8.368 Thread 0x0000026e5e908510 Exception <a 'java/lang/NoSuchMethodError'{0x0000000707b28918}: 'java.lang.Object java.lang.invoke.DirectMethodHandle$Holder.newInvokeSpecial(java.lang.Object, java.lang.Object, int)'> (0x0000000707b28918) 
thrown [s\src\hotspot\share\interpreter\linkResolver.cpp, line 773]
Event: 8.390 Thread 0x0000026e5e908510 Exception <a 'java/lang/NoSuchMethodError'{0x00000007078c1488}: 'java.lang.Object java.lang.invoke.DirectMethodHandle$Holder.newInvokeSpecial(java.lang.Object, java.lang.Object, java.lang.Object, java.lang.Object, java.lang.Object, int, java.lang.Object)'> (0x00000007078c1488) 
thrown [s\src\hotspot\share\interpreter\linkResolver.cpp, line 773]
Event: 8.392 Thread 0x0000026e5e908510 Exception <a 'java/lang/NoSuchMethodError'{0x00000007078f8e88}: 'java.lang.Object java.lang.invoke.DirectMethodHandle$Holder.newInvokeSpecial(java.lang.Object, java.lang.Object, java.lang.Object, java.lang.Object, java.lang.Object, java.lang.Object, java.lang.Object, java.lang.Object, java.lang.Object, java.lang.Object, java.lang.Object, java.lang.Object)'> (0x00000007078f8e88) 
thrown [s\src\hotspot\share\interpreter\linkResolver.cpp, line 773]
Event: 8.393 Thread 0x0000026e5e908510 Exception <a 'java/lang/NoSuchMethodError'{0x00000007078fd7b0}: 'java.lang.Object java.lang.invoke.DirectMethodHandle$Holder.invokeSpecial(java.lang.Object, java.lang.Object, java.lang.Object, java.lang.Object, java.lang.Object, java.lang.Object, java.lang.Object, java.lang.Object, java.lang.Object, java.lang.Object, java.lang.Object, java.lang.Object, java.lang.Object)'> (0x00000007078fd7b0) 
thrown [s\src\hotspot\share\interpreter\linkResolver.cpp, line 773]
Event: 8.393 Thread 0x0000026e5e908510 Exception <a 'java/lang/NoSuchMethodError'{0x0000000707901c98}: 'java.lang.Object java.lang.invoke.Invokers$Holder.linkToTargetMethod(java.lang.Object, java.lang.Object, java.lang.Object, java.lang.Object, java.lang.Object, java.lang.Object, java.lang.Object, java.lang.Object, java.lang.Object, java.lang.Object, java.lang.Object, java.lang.Object)'> (0x0000000707901c98) 
thrown [s\src\hotspot\share\interpreter\linkResolver.cpp, line 773]
Event: 8.419 Thread 0x0000026e5e908510 Exception <a 'java/lang/IncompatibleClassChangeError'{0x00000007076a0618}: Found class java.lang.Object, but interface was expected> (0x00000007076a0618) 
thrown [s\src\hotspot\share\interpreter\linkResolver.cpp, line 840]
Event: 8.430 Thread 0x0000026e5e908510 Exception <a 'java/lang/NoSuchMethodError'{0x0000000707727388}: 'java.lang.Object java.lang.invoke.DirectMethodHandle$Holder.newInvokeSpecial(java.lang.Object, java.lang.Object, java.lang.Object, java.lang.Object, java.lang.Object, java.lang.Object, java.lang.Object, int)'> (0x0000000707727388) 
thrown [s\src\hotspot\share\interpreter\linkResolver.cpp, line 773]
Event: 8.430 Thread 0x0000026e5e908510 Exception <a 'java/lang/NoSuchMethodError'{0x000000070772b9c8}: 'java.lang.Object java.lang.invoke.DirectMethodHandle$Holder.invokeSpecial(java.lang.Object, java.lang.Object, java.lang.Object, java.lang.Object, java.lang.Object, java.lang.Object, java.lang.Object, java.lang.Object, int)'> (0x000000070772b9c8) 
thrown [s\src\hotspot\share\interpreter\linkResolver.cpp, line 773]
Event: 8.430 Thread 0x0000026e5e908510 Exception <a 'java/lang/NoSuchMethodError'{0x000000070772f9f0}: 'java.lang.Object java.lang.invoke.Invokers$Holder.linkToTargetMethod(java.lang.Object, java.lang.Object, java.lang.Object, java.lang.Object, java.lang.Object, java.lang.Object, int, java.lang.Object)'> (0x000000070772f9f0) 
thrown [s\src\hotspot\share\interpreter\linkResolver.cpp, line 773]
Event: 8.446 Thread 0x0000026e5e908510 Exception <a 'java/lang/NoSuchMethodError'{0x00000007074153d0}: 'void java.lang.invoke.DirectMethodHandle$Holder.invokeInterface(java.lang.Object, java.lang.Object)'> (0x00000007074153d0) 
thrown [s\src\hotspot\share\interpreter\linkResolver.cpp, line 773]

ZGC Phase Switch (0 events):
No events

VM Operations (20 events):
Event: 38.268 Executing VM operation: G1PauseCleanup done
Event: 39.225 Executing VM operation: G1CollectForAllocation (G1 Evacuation Pause)
Event: 39.260 Executing VM operation: G1CollectForAllocation (G1 Evacuation Pause) done
Event: 42.570 Executing VM operation: G1CollectForAllocation (G1 Evacuation Pause)
Event: 42.615 Executing VM operation: G1CollectForAllocation (G1 Evacuation Pause) done
Event: 44.188 Executing VM operation: G1TryInitiateConcMark (G1 Humongous Allocation)
Event: 44.214 Executing VM operation: G1TryInitiateConcMark (G1 Humongous Allocation) done
Event: 44.766 Executing VM operation: G1PauseRemark
Event: 44.887 Executing VM operation: G1PauseRemark done
Event: 45.078 Executing VM operation: G1PauseCleanup
Event: 45.078 Executing VM operation: G1PauseCleanup done
Event: 46.036 Executing VM operation: G1CollectForAllocation (G1 Evacuation Pause)
Event: 46.073 Executing VM operation: G1CollectForAllocation (G1 Evacuation Pause) done
Event: 49.222 Executing VM operation: G1CollectForAllocation (G1 Evacuation Pause)
Event: 49.269 Executing VM operation: G1CollectForAllocation (G1 Evacuation Pause) done
Event: 49.702 Executing VM operation: G1TryInitiateConcMark (G1 Humongous Allocation)
Event: 49.727 Executing VM operation: G1TryInitiateConcMark (G1 Humongous Allocation) done
Event: 50.533 Executing VM operation: G1CollectForAllocation (G1 Evacuation Pause)
Event: 50.579 Executing VM operation: G1CollectForAllocation (G1 Evacuation Pause) done
Event: 50.637 Executing VM operation: G1PauseRemark

Memory protections (0 events):
No events

Nmethod flushes (20 events):
Event: 50.639 Thread 0x0000026e5e8c7400 flushing  nmethod 0x0000026e6455cc90
Event: 50.639 Thread 0x0000026e5e8c7400 flushing  nmethod 0x0000026e6455d310
Event: 50.639 Thread 0x0000026e5e8c7400 flushing  nmethod 0x0000026e6455dc90
Event: 50.639 Thread 0x0000026e5e8c7400 flushing  nmethod 0x0000026e64562490
Event: 50.639 Thread 0x0000026e5e8c7400 flushing  nmethod 0x0000026e644df510
Event: 50.639 Thread 0x0000026e5e8c7400 flushing  nmethod 0x0000026e644e1510
Event: 50.639 Thread 0x0000026e5e8c7400 flushing  nmethod 0x0000026e644e7490
Event: 50.639 Thread 0x0000026e5e8c7400 flushing  nmethod 0x0000026e644e7990
Event: 50.639 Thread 0x0000026e5e8c7400 flushing  nmethod 0x0000026e6452b310
Event: 50.639 Thread 0x0000026e5e8c7400 flushing  nmethod 0x0000026e6452ba10
Event: 50.639 Thread 0x0000026e5e8c7400 flushing  nmethod 0x0000026e6452be10
Event: 50.639 Thread 0x0000026e5e8c7400 flushing  nmethod 0x0000026e6452c110
Event: 50.639 Thread 0x0000026e5e8c7400 flushing  nmethod 0x0000026e6452c410
Event: 50.639 Thread 0x0000026e5e8c7400 flushing  nmethod 0x0000026e6452c990
Event: 50.639 Thread 0x0000026e5e8c7400 flushing  nmethod 0x0000026e6452ce10
Event: 50.639 Thread 0x0000026e5e8c7400 flushing  nmethod 0x0000026e6452df10
Event: 50.639 Thread 0x0000026e5e8c7400 flushing  nmethod 0x0000026e64570d10
Event: 50.639 Thread 0x0000026e5e8c7400 flushing  nmethod 0x0000026e64571010
Event: 50.639 Thread 0x0000026e5e8c7400 flushing  nmethod 0x0000026e64576190
Event: 50.639 Thread 0x0000026e5e8c7400 flushing  nmethod 0x0000026e645bd710

Events (20 events):
Event: 2.856 Thread 0x0000026e749c1690 Thread exited: 0x0000026e749c1690
Event: 3.009 Thread 0x0000026e5e908510 Thread added: 0x0000026e74a6cb20
Event: 3.584 Thread 0x0000026e5e908510 Thread added: 0x0000026e74a6b770
Event: 3.746 Thread 0x0000026e74a6b770 Thread exited: 0x0000026e74a6b770
Event: 3.746 Thread 0x0000026e74a6cb20 Thread exited: 0x0000026e74a6cb20
Event: 6.834 Thread 0x0000026e5e908510 Thread added: 0x0000026e74683ab0
Event: 6.834 Thread 0x0000026e74683ab0 Thread added: 0x0000026e746847d0
Event: 6.839 Thread 0x0000026e5e908510 Thread added: 0x0000026e74682700
Event: 7.521 Thread 0x0000026e5e908510 Thread added: 0x0000026e74682d90
Event: 7.532 Thread 0x0000026e5e908510 Thread added: 0x0000026e74684e60
Event: 7.649 Thread 0x0000026e74684e60 Thread added: 0x0000026e74683420
Event: 9.577 Thread 0x0000026e6fcce990 Thread exited: 0x0000026e6fcce990
Event: 10.351 Thread 0x0000026e6fcce2e0 Thread exited: 0x0000026e6fcce2e0
Event: 10.668 Thread 0x0000026e6f21e140 Thread added: 0x0000026e761e81d0
Event: 10.669 Thread 0x0000026e761e81d0 Thread added: 0x0000026e75195c40
Event: 12.340 Thread 0x0000026e75195c40 Thread exited: 0x0000026e75195c40
Event: 13.287 Thread 0x0000026e74683420 Thread exited: 0x0000026e74683420
Event: 14.169 Thread 0x0000026e761e81d0 Thread exited: 0x0000026e761e81d0
Event: 15.272 Thread 0x0000026e6f3abb30 Thread exited: 0x0000026e6f3abb30
Event: 48.284 Thread 0x0000026e6f21e140 Thread added: 0x0000026e6f3abae0


Dynamic libraries:
0x00007ff6b2d80000 - 0x00007ff6b2d8e000 	E:\Eclipse New\eclipse\plugins\org.eclipse.justj.openjdk.hotspot.jre.full.win32.x86_64_21.0.4.v20240802-1551\jre\bin\javaw.exe
0x00007ffc73880000 - 0x00007ffc73ae3000 	C:\WINDOWS\SYSTEM32\ntdll.dll
0x00007ffc72b10000 - 0x00007ffc72bd7000 	C:\WINDOWS\System32\KERNEL32.DLL
0x00007ffc70e30000 - 0x00007ffc711f9000 	C:\WINDOWS\System32\KERNELBASE.dll
0x000000005fd80000 - 0x000000005fe1e000 	C:\ProgramData\Symantec\Symantec Endpoint Protection\14.3.12154.10000.105\Data\Sysfer\x64\sysfer.dll
0x00007ffc712a0000 - 0x00007ffc713ec000 	C:\WINDOWS\System32\ucrtbase.dll
0x00007ffc45190000 - 0x00007ffc451ab000 	E:\Eclipse New\eclipse\plugins\org.eclipse.justj.openjdk.hotspot.jre.full.win32.x86_64_21.0.4.v20240802-1551\jre\bin\VCRUNTIME140.dll
0x00007ffc473d0000 - 0x00007ffc473e8000 	E:\Eclipse New\eclipse\plugins\org.eclipse.justj.openjdk.hotspot.jre.full.win32.x86_64_21.0.4.v20240802-1551\jre\bin\jli.dll
0x00007ffc71de0000 - 0x00007ffc71faa000 	C:\WINDOWS\System32\USER32.dll
0x00007ffc4dc70000 - 0x00007ffc4df00000 	C:\WINDOWS\WinSxS\amd64_microsoft.windows.common-controls_6595b64144ccf1df_6.0.26100.3323_none_3e088096e3344490\COMCTL32.dll
0x00007ffc70c90000 - 0x00007ffc70cb7000 	C:\WINDOWS\System32\win32u.dll
0x00007ffc72a60000 - 0x00007ffc72b09000 	C:\WINDOWS\System32\msvcrt.dll
0x00007ffc72c10000 - 0x00007ffc72c3a000 	C:\WINDOWS\System32\GDI32.dll
0x00007ffc714b0000 - 0x00007ffc715e1000 	C:\WINDOWS\System32\gdi32full.dll
0x00007ffc715f0000 - 0x00007ffc71693000 	C:\WINDOWS\System32\msvcp_win.dll
0x00007ffc72a20000 - 0x00007ffc72a4f000 	C:\WINDOWS\System32\IMM32.DLL
0x00007ffc4c130000 - 0x00007ffc4c13c000 	E:\Eclipse New\eclipse\plugins\org.eclipse.justj.openjdk.hotspot.jre.full.win32.x86_64_21.0.4.v20240802-1551\jre\bin\vcruntime140_1.dll
0x00007ffc1bde0000 - 0x00007ffc1be6e000 	E:\Eclipse New\eclipse\plugins\org.eclipse.justj.openjdk.hotspot.jre.full.win32.x86_64_21.0.4.v20240802-1551\jre\bin\msvcp140.dll
0x00007ffc16f30000 - 0x00007ffc17cb8000 	E:\Eclipse New\eclipse\plugins\org.eclipse.justj.openjdk.hotspot.jre.full.win32.x86_64_21.0.4.v20240802-1551\jre\bin\server\jvm.dll
0x00007ffc72ee0000 - 0x00007ffc72f92000 	C:\WINDOWS\System32\ADVAPI32.dll
0x00007ffc72970000 - 0x00007ffc72a16000 	C:\WINDOWS\System32\sechost.dll
0x00007ffc72c40000 - 0x00007ffc72d56000 	C:\WINDOWS\System32\RPCRT4.dll
0x00007ffc737b0000 - 0x00007ffc73824000 	C:\WINDOWS\System32\WS2_32.dll
0x00007ffc70910000 - 0x00007ffc7095e000 	C:\WINDOWS\SYSTEM32\POWRPROF.dll
0x00007ffc5bad0000 - 0x00007ffc5bb06000 	C:\WINDOWS\SYSTEM32\WINMM.dll
0x00007ffc67fe0000 - 0x00007ffc67feb000 	C:\WINDOWS\SYSTEM32\VERSION.dll
0x00007ffc708f0000 - 0x00007ffc70904000 	C:\WINDOWS\SYSTEM32\UMPDC.dll
0x00007ffc6f860000 - 0x00007ffc6f87a000 	C:\WINDOWS\SYSTEM32\kernel.appcore.dll
0x00007ffc664b0000 - 0x00007ffc664ba000 	E:\Eclipse New\eclipse\plugins\org.eclipse.justj.openjdk.hotspot.jre.full.win32.x86_64_21.0.4.v20240802-1551\jre\bin\jimage.dll
0x00007ffc6e260000 - 0x00007ffc6e4a1000 	C:\WINDOWS\SYSTEM32\DBGHELP.DLL
0x00007ffc72260000 - 0x00007ffc725e2000 	C:\WINDOWS\System32\combase.dll
0x00007ffc72120000 - 0x00007ffc721f6000 	C:\WINDOWS\System32\OLEAUT32.dll
0x00007ffc4dc30000 - 0x00007ffc4dc69000 	C:\WINDOWS\SYSTEM32\dbgcore.DLL
0x00007ffc71200000 - 0x00007ffc71299000 	C:\WINDOWS\System32\bcryptPrimitives.dll
0x00007ffc2ebe0000 - 0x00007ffc2ebff000 	E:\Eclipse New\eclipse\plugins\org.eclipse.justj.openjdk.hotspot.jre.full.win32.x86_64_21.0.4.v20240802-1551\jre\bin\java.dll
0x00007ffc2ebc0000 - 0x00007ffc2ebd8000 	E:\Eclipse New\eclipse\plugins\org.eclipse.justj.openjdk.hotspot.jre.full.win32.x86_64_21.0.4.v20240802-1551\jre\bin\zip.dll
0x00007ffc73000000 - 0x00007ffc73715000 	C:\WINDOWS\System32\SHELL32.dll
0x00007ffc70cc0000 - 0x00007ffc70e28000 	C:\WINDOWS\System32\wintypes.dll
0x00007ffc6e4b0000 - 0x00007ffc6ecf5000 	C:\WINDOWS\SYSTEM32\windows.storage.dll
0x00007ffc71fb0000 - 0x00007ffc7209b000 	C:\WINDOWS\System32\SHCORE.dll
0x00007ffc72fa0000 - 0x00007ffc72ffd000 	C:\WINDOWS\System32\shlwapi.dll
0x00007ffc70990000 - 0x00007ffc709bf000 	C:\WINDOWS\SYSTEM32\profapi.dll
0x00007ffc664a0000 - 0x00007ffc664b0000 	E:\Eclipse New\eclipse\plugins\org.eclipse.justj.openjdk.hotspot.jre.full.win32.x86_64_21.0.4.v20240802-1551\jre\bin\net.dll
0x00007ffc6c100000 - 0x00007ffc6c21e000 	C:\WINDOWS\SYSTEM32\WINHTTP.dll
0x00007ffc6fd60000 - 0x00007ffc6fdca000 	C:\WINDOWS\system32\mswsock.dll
0x00007ffc39180000 - 0x00007ffc39196000 	E:\Eclipse New\eclipse\plugins\org.eclipse.justj.openjdk.hotspot.jre.full.win32.x86_64_21.0.4.v20240802-1551\jre\bin\nio.dll
0x00007ffc694d0000 - 0x00007ffc694da000 	E:\Eclipse New\eclipse\plugins\org.eclipse.justj.openjdk.hotspot.jre.full.win32.x86_64_21.0.4.v20240802-1551\jre\bin\management.dll
0x00007ffc69200000 - 0x00007ffc6920b000 	E:\Eclipse New\eclipse\plugins\org.eclipse.justj.openjdk.hotspot.jre.full.win32.x86_64_21.0.4.v20240802-1551\jre\bin\management_ext.dll
0x00007ffc720f0000 - 0x00007ffc720f8000 	C:\WINDOWS\System32\PSAPI.DLL
0x00007ffc4cb10000 - 0x00007ffc4cb28000 	C:\WINDOWS\system32\napinsp.dll
0x00007ffc6f050000 - 0x00007ffc6f175000 	C:\WINDOWS\SYSTEM32\DNSAPI.dll
0x00007ffc6f010000 - 0x00007ffc6f043000 	C:\WINDOWS\SYSTEM32\IPHLPAPI.DLL
0x00007ffc73830000 - 0x00007ffc7383a000 	C:\WINDOWS\System32\NSI.dll
0x00007ffc4ccd0000 - 0x00007ffc4cce2000 	C:\WINDOWS\System32\winrnr.dll
0x00007ffc4ccf0000 - 0x00007ffc4cd12000 	C:\WINDOWS\system32\nlansp_c.dll
0x00007ffc4cd20000 - 0x00007ffc4cd36000 	C:\WINDOWS\system32\wshbth.dll
0x00007ffc6b310000 - 0x00007ffc6b31b000 	C:\Windows\System32\rasadhlp.dll
0x00007ffc6c9e0000 - 0x00007ffc6ca65000 	C:\WINDOWS\System32\fwpuclnt.dll
0x00007ffc70110000 - 0x00007ffc7012c000 	C:\WINDOWS\SYSTEM32\CRYPTSP.dll
0x00007ffc6f7c0000 - 0x00007ffc6f7fa000 	C:\WINDOWS\system32\rsaenh.dll
0x00007ffc6fe00000 - 0x00007ffc6fe2b000 	C:\WINDOWS\SYSTEM32\USERENV.dll
0x00007ffc702a0000 - 0x00007ffc702c6000 	C:\WINDOWS\SYSTEM32\bcrypt.dll
0x00007ffc700f0000 - 0x00007ffc700fc000 	C:\WINDOWS\SYSTEM32\CRYPTBASE.dll
0x00007ffc6cff0000 - 0x00007ffc6cff9000 	E:\Eclipse New\eclipse\plugins\org.eclipse.justj.openjdk.hotspot.jre.full.win32.x86_64_21.0.4.v20240802-1551\jre\bin\extnet.dll
0x00007ffc6c050000 - 0x00007ffc6c05e000 	E:\Eclipse New\eclipse\plugins\org.eclipse.justj.openjdk.hotspot.jre.full.win32.x86_64_21.0.4.v20240802-1551\jre\bin\sunmscapi.dll
0x00007ffc70b10000 - 0x00007ffc70c87000 	C:\WINDOWS\System32\CRYPT32.dll
0x00007ffc70260000 - 0x00007ffc70290000 	C:\WINDOWS\SYSTEM32\ncrypt.dll
0x00007ffc70210000 - 0x00007ffc7024f000 	C:\WINDOWS\SYSTEM32\NTASN1.dll
0x00007ffc5df80000 - 0x00007ffc5df90000 	E:\Eclipse New\eclipse\plugins\org.eclipse.justj.openjdk.hotspot.jre.full.win32.x86_64_21.0.4.v20240802-1551\jre\bin\verify.dll

dbghelp: loaded successfully - version: 4.0.5 - missing functions: none
symbol engine: initialized successfully - sym options: 0x614 - pdb path: .;E:\Eclipse New\eclipse\plugins\org.eclipse.justj.openjdk.hotspot.jre.full.win32.x86_64_21.0.4.v20240802-1551\jre\bin;C:\WINDOWS\SYSTEM32;C:\ProgramData\Symantec\Symantec Endpoint Protection\14.3.12154.10000.105\Data\Sysfer\x64;C:\WINDOWS\WinSxS\amd64_microsoft.windows.common-controls_6595b64144ccf1df_6.0.26100.3323_none_3e088096e3344490;E:\Eclipse New\eclipse\plugins\org.eclipse.justj.openjdk.hotspot.jre.full.win32.x86_64_21.0.4.v20240802-1551\jre\bin\server

VM Arguments:
jvm_args: -Dcom.sun.management.jmxremote -Dcom.sun.management.jmxremote.port=7091 -Dcom.sun.management.jmxremote.authenticate=false -Dcom.sun.management.jmxremote.ssl=false -Djava.rmi.server.hostname=localhost -Dspring.jmx.enabled=true -Dmanagement.endpoints.jmx.exposure.include=* -Dspring.application.admin.enabled=true -XX:TieredStopAtLevel=1 -Dspring.boot.project.name=ProgrammingTechie_Inventory-Service -Dfile.encoding=UTF-8 -Dstdout.encoding=UTF-8 -Dstderr.encoding=UTF-8 -XX:+ShowCodeDetailsInExceptionMessages 
java_command: com.programmingtechie.inventoryService.ProgrammingTechieInventoryServiceApplication --spring.output.ansi.enabled=always
java_class_path (initial): E:\SPRING_BOOT\ProgrammingTechie_Inventory-Service\target\classes;C:\Users\kart2921\.m2\repository\org\springframework\boot\spring-boot-starter-web\3.4.0\spring-boot-starter-web-3.4.0.jar;C:\Users\kart2921\.m2\repository\org\springframework\boot\spring-boot-starter\3.4.0\spring-boot-starter-3.4.0.jar;C:\Users\kart2921\.m2\repository\org\springframework\boot\spring-boot\3.4.0\spring-boot-3.4.0.jar;C:\Users\kart2921\.m2\repository\org\springframework\boot\spring-boot-autoconfigure\3.4.0\spring-boot-autoconfigure-3.4.0.jar;C:\Users\kart2921\.m2\repository\org\springframework\boot\spring-boot-starter-logging\3.4.0\spring-boot-starter-logging-3.4.0.jar;C:\Users\kart2921\.m2\repository\ch\qos\logback\logback-classic\1.5.12\logback-classic-1.5.12.jar;C:\Users\kart2921\.m2\repository\ch\qos\logback\logback-core\1.5.12\logback-core-1.5.12.jar;C:\Users\kart2921\.m2\repository\org\apache\logging\log4j\log4j-to-slf4j\2.24.1\log4j-to-slf4j-2.24.1.jar;C:\Users\kart2921\.m2\repository\org\apache\logging\log4j\log4j-api\2.24.1\log4j-api-2.24.1.jar;C:\Users\kart2921\.m2\repository\org\slf4j\jul-to-slf4j\2.0.16\jul-to-slf4j-2.0.16.jar;C:\Users\kart2921\.m2\repository\jakarta\annotation\jakarta.annotation-api\2.1.1\jakarta.annotation-api-2.1.1.jar;C:\Users\kart2921\.m2\repository\org\yaml\snakeyaml\2.3\snakeyaml-2.3.jar;C:\Users\kart2921\.m2\repository\org\springframework\boot\spring-boot-starter-json\3.4.0\spring-boot-starter-json-3.4.0.jar;C:\Users\kart2921\.m2\repository\com\fasterxml\jackson\core\jackson-databind\2.18.1\jackson-databind-2.18.1.jar;C:\Users\kart2921\.m2\repository\com\fasterxml\jackson\datatype\jackson-datatype-jdk8\2.18.1\jackson-datatype-jdk8-2.18.1.jar;C:\Users\kart2921\.m2\repository\com\fasterxml\jackson\datatype\jackson-datatype-jsr310\2.18.1\jackson-datatype-jsr310-2.18.1.jar;C:\Users\kart2921\.m2\repository\com\fasterxml\jackson\module\jackson-module-parameter-names\2.18.1\jackson-module-parameter-names-2.18.1.jar;C:\Users\kart2921\.m2\repository\org\springframework\boot\spring-boot-starter-tomcat\3.4.0\spring-boot-starter-tomcat-3.4.0.jar;C:\Users\kart2921\.m2\repository\org\apache\tomcat\embed\tomcat-embed-core\10.1.33\tomcat-embed-core-10.1.33.jar;C:\Users\kart2921\.m2\repository\org\apache\tomcat\embed\tomcat-embed-el\10.1.33\tomcat-embed-el-10.1.33.jar;C:\Users\kart2921\.m2\repository\org\apache\tomcat\embed\tomcat-embed-websocket\10.1.33\tomcat-embed-websocket-10.1.33.jar;C:\Users\kart2921\.m2\repository\org\springframework\spring-web\6.2.0\spring-web-6.2.0.jar;C:\Users\kart2921\.m2\repository\org\springframework\spring-beans\6.2.0\spring-beans-6.2.0.jar;C:\Users\kart2921\.m2\repository\io\micrometer\micrometer-observation\1.14.1\micrometer-observation-1.14.1.jar;C:\Users\kart2921\.m2\repository\io\micrometer\micrometer-commons\1.14.1\micrometer-commons-1.14.1.jar;C:\Users\kart2921\.m2\repository\org\springframework\spring-webmvc\6.2.0\spring-webmvc-6.2.0.jar;C:\Users\kart2921\.m2\repository\org\springframework\spring-aop\6.2.0\spring-aop-6.2.0.jar;C:\Users\kart2921\.m2\repository\org\springframework\spring-context\6.2.0\spring-context-6.2.0.jar;C:\Users\kart2921\.m2\repository\org\springframework\spring-expression\6.2.0\spring-expression-6.2.0.jar;C:\Users\kart2921\.m2\repository\org\postgresql\postgresql\42.7.4\postgresql-42.7.4.jar;C:\Users\kart2921\.m2\repository\org\checkerframework\checker-qual\3.42.0\checker-qual-3.42.0.jar;C:\Users\kart2921\.m2\repository\org\slf4j\slf4j-api\2.0.16\slf4j-api-2.0.16.jar;C:\Users\kart2921\.m2\repository\jakarta\xml\bind\jakarta.xml.bind-api\4.0.2\jakarta.xml.bind-api-4.0.2.jar;C:\Users\kart2921\.m2\repository\jakarta\activation\jakarta.activation-api\2.1.3\jakarta.activation-api-2.1.3.jar;C:\Users\kart2921\.m2\repository\net\bytebuddy\byte-buddy\1.15.10\byte-buddy-1.15.10.jar;C:\Users\kart2921\.m2\repository\org\springframework\spring-core\6.2.0\spring-core-6.2.0.jar;C:\Users\kart2921\.m2\repository\org\springframework\spring-jcl\6.2.0\spring-jcl-6.2.0.jar;C:\Users\kart2921\.m2\repository\org\springframework\boot\spring-boot-starter-data-jpa\3.4.0\spring-boot-starter-data-jpa-3.4.0.jar;C:\Users\kart2921\.m2\repository\org\springframework\boot\spring-boot-starter-jdbc\3.4.0\spring-boot-starter-jdbc-3.4.0.jar;C:\Users\kart2921\.m2\repository\com\zaxxer\HikariCP\5.1.0\HikariCP-5.1.0.jar;C:\Users\kart2921\.m2\repository\org\springframework\spring-jdbc\6.2.0\spring-jdbc-6.2.0.jar;C:\Users\kart2921\.m2\repository\org\hibernate\orm\hibernate-core\6.6.2.Final\hibernate-core-6.6.2.Final.jar;C:\Users\kart2921\.m2\repository\jakarta\persistence\jakarta.persistence-api\3.1.0\jakarta.persistence-api-3.1.0.jar;C:\Users\kart2921\.m2\repository\jakarta\transaction\jakarta.transaction-api\2.0.1\jakarta.transaction-api-2.0.1.jar;C:\Users\kart2921\.m2\repository\org\jboss\logging\jboss-logging\3.6.1.Final\jboss-logging-3.6.1.Final.jar;C:\Users\kart2921\.m2\repository\org\hibernate\common\hibernate-commons-annotations\7.0.3.Final\hibernate-commons-annotations-7.0.3.Final.jar;C:\Users\kart2921\.m2\repository\io\smallrye\jandex\3.2.0\jandex-3.2.0.jar;C:\Users\kart2921\.m2\repository\com\fasterxml\classmate\1.7.0\classmate-1.7.0.jar;C:\Users\kart2921\.m2\repository\org\glassfish\jaxb\jaxb-runtime\4.0.5\jaxb-runtime-4.0.5.jar;C:\Users\kart2921\.m2\repository\org\glassfish\jaxb\jaxb-core\4.0.5\jaxb-core-4.0.5.jar;C:\Users\kart2921\.m2\repository\org\eclipse\angus\angus-activation\2.0.2\angus-activation-2.0.2.jar;C:\Users\kart2921\.m2\repository\org\glassfish\jaxb\txw2\4.0.5\txw2-4.0.5.jar;C:\Users\kart2921\.m2\repository\com\sun\istack\istack-commons-runtime\4.1.2\istack-commons-runtime-4.1.2.jar;C:\Users\kart2921\.m2\repository\jakarta\inject\jakarta.inject-api\2.0.1\jakarta.inject-api-2.0.1.jar;C:\Users\kart2921\.m2\repository\org\antlr\antlr4-runtime\4.13.0\antlr4-runtime-4.13.0.jar;C:\Users\kart2921\.m2\repository\org\springframework\data\spring-data-jpa\3.4.0\spring-data-jpa-3.4.0.jar;C:\Users\kart2921\.m2\repository\org\springframework\data\spring-data-commons\3.4.0\spring-data-commons-3.4.0.jar;C:\Users\kart2921\.m2\repository\org\springframework\spring-orm\6.2.0\spring-orm-6.2.0.jar;C:\Users\kart2921\.m2\repository\org\springframework\spring-tx\6.2.0\spring-tx-6.2.0.jar;C:\Users\kart2921\.m2\repository\org\springframework\spring-aspects\6.2.0\spring-aspects-6.2.0.jar;C:\Users\kart2921\.m2\repository\org\aspectj\aspectjweaver\1.9.22.1\aspectjweaver-1.9.22.1.jar;C:\Users\kart2921\.m2\repository\org\springframework\cloud\spring-cloud-starter-netflix-eureka-client\4.2.0\spring-cloud-starter-netflix-eureka-client-4.2.0.jar;C:\Users\kart2921\.m2\repository\org\springframework\cloud\spring-cloud-starter\4.2.0\spring-cloud-starter-4.2.0.jar;C:\Users\kart2921\.m2\repository\org\springframework\cloud\spring-cloud-context\4.2.0\spring-cloud-context-4.2.0.jar;C:\Users\kart2921\.m2\repository\org\springframework\security\spring-security-crypto\6.4.1\spring-security-crypto-6.4.1.jar;C:\Users\kart2921\.m2\repository\org\springframework\cloud\spring-cloud-commons\4.2.0\spring-cloud-commons-4.2.0.jar;C:\Users\kart2921\.m2\repository\org\bouncycastle\bcprov-jdk18on\1.78.1\bcprov-jdk18on-1.78.1.jar;C:\Users\kart2921\.m2\repository\org\springframework\cloud\spring-cloud-netflix-eureka-client\4.2.0\spring-cloud-netflix-eureka-client-4.2.0.jar;C:\Users\kart2921\.m2\repository\org\apache\httpcomponents\client5\httpclient5\5.4.1\httpclient5-5.4.1.jar;C:\Users\kart2921\.m2\repository\org\apache\httpcomponents\core5\httpcore5\5.3.1\httpcore5-5.3.1.jar;C:\Users\kart2921\.m2\repository\org\apache\httpcomponents\core5\httpcore5-h2\5.3.1\httpcore5-h2-5.3.1.jar;C:\Users\kart2921\.m2\repository\com\netflix\eureka\eureka-client\2.0.4\eureka-client-2.0.4.jar;C:\Users\kart2921\.m2\repository\com\thoughtworks\xstream\xstream\1.4.20\xstream-1.4.20.jar;C:\Users\kart2921\.m2\repository\io\github\x-stream\mxparser\1.2.2\mxparser-1.2.2.jar;C:\Users\kart2921\.m2\repository\xmlpull\xmlpull\1.1.3.1\xmlpull-1.1.3.1.jar;C:\Users\kart2921\.m2\repository\jakarta\ws\rs\jakarta.ws.rs-api\3.1.0\jakarta.ws.rs-api-3.1.0.jar;C:\Users\kart2921\.m2\repository\com\netflix\spectator\spectator-api\1.7.3\spectator-api-1.7.3.jar;C:\Users\kart2921\.m2\repository\org\apache\httpcomponents\httpclient\4.5.3\httpclient-4.5.3.jar;C:\Users\kart2921\.m2\repository\org\apache\httpcomponents\httpcore\4.4.16\httpcore-4.4.16.jar;C:\Users\kart2921\.m2\repository\commons-codec\commons-codec\1.17.1\commons-codec-1.17.1.jar;C:\Users\kart2921\.m2\repository\commons-configuration\commons-configuration\1.10\commons-configuration-1.10.jar;C:\Users\kart2921\.m2\repository\commons-lang\commons-lang\2.6\commons-lang-2.6.jar;C:\Users\kart2921\.m2\repository\com\fasterxml\jackson\core\jackson-annotations\2.18.1\jackson-annotations-2.18.1.jar;C:\Users\kart2921\.m2\repository\com\fasterxml\jackson\core\jackson-core\2.18.1\jackson-core-2.18.1.jar;C:\Users\kart2921\.m2\repository\com\netflix\netflix-commons\netflix-eventbus\0.3.0\netflix-eventbus-0.3.0.jar;C:\Users\kart2921\.m2\repository\com\netflix\netflix-commons\netflix-infix\0.3.0\netflix-infix-0.3.0.jar;C:\Users\kart2921\.m2\repository\commons-jxpath\commons-jxpath\1.3\commons-jxpath-1.3.jar;C:\Users\kart2921\.m2\repository\joda-time\joda-time\2.3\joda-time-2.3.jar;C:\Users\kart2921\.m2\repository\org\antlr\antlr-runtime\3.4\antlr-runtime-3.4.jar;C:\Users\kart2921\.m2\repository\org\antlr\stringtemplate\3.2.1\stringtemplate-3.2.1.jar;C:\Users\kart2921\.m2\repository\antlr\antlr\2.7.7\antlr-2.7.7.jar;C:\Users\kart2921\.m2\repository\com\google\guava\guava\33.3.1-jre\guava-33.3.1-jre.jar;C:\Users\kart2921\.m2\repository\com\google\guava\failureaccess\1.0.2\failureaccess-1.0.2.jar;C:\Users\kart2921\.m2\repository\com\google\guava\listenablefuture\9999.0-empty-to-avoid-conflict-with-guava\listenablefuture-9999.0-empty-to-avoid-conflict-with-guava.jar;C:\Users\kart2921\.m2\repository\com\google\errorprone\error_prone_annotations\2.28.0\error_prone_annotations-2.28.0.jar;C:\Users\kart2921\.m2\repository\com\google\j2objc\j2objc-annotations\3.0.0\j2objc-annotations-3.0.0.jar;C:\Users\kart2921\.m2\repository\com\google\code\gson\gson\2.11.0\gson-2.11.0.jar;C:\Users\kart2921\.m2\repository\com\netflix\servo\servo-core\0.5.3\servo-core-0.5.3.jar;C:\Users\kart2921\.m2\repository\org\apache\commons\commons-math\2.2\commons-math-2.2.jar;C:\Users\kart2921\.m2\repository\javax\annotation\javax.annotation-api\1.2\javax.annotation-api-1.2.jar;C:\Users\kart2921\.m2\repository\org\codehaus\jettison\jettison\1.5.4\jettison-1.5.4.jar;C:\Users\kart2921\.m2\repository\org\springframework\cloud\spring-cloud-starter-loadbalancer\4.2.0\spring-cloud-starter-loadbalancer-4.2.0.jar;C:\Users\kart2921\.m2\repository\org\springframework\cloud\spring-cloud-loadbalancer\4.2.0\spring-cloud-loadbalancer-4.2.0.jar;C:\Users\kart2921\.m2\repository\io\projectreactor\reactor-core\3.7.0\reactor-core-3.7.0.jar;C:\Users\kart2921\.m2\repository\org\reactivestreams\reactive-streams\1.0.4\reactive-streams-1.0.4.jar;C:\Users\kart2921\.m2\repository\io\projectreactor\addons\reactor-extra\3.5.2\reactor-extra-3.5.2.jar;C:\Users\kart2921\.m2\repository\org\springframework\boot\spring-boot-starter-cache\3.4.0\spring-boot-starter-cache-3.4.0.jar;C:\Users\kart2921\.m2\repository\org\springframework\spring-context-support\6.2.0\spring-context-support-6.2.0.jar;C:\Users\kart2921\.m2\repository\com\stoyanr\evictor\1.0.0\evictor-1.0.0.jar
Launcher Type: SUN_STANDARD

[Global flags]
     intx CICompilerCount                          = 4                                         {product} {ergonomic}
     uint ConcGCThreads                            = 2                                         {product} {ergonomic}
     uint G1ConcRefinementThreads                  = 8                                         {product} {ergonomic}
   size_t G1HeapRegionSize                         = 2097152                                   {product} {ergonomic}
    uintx GCDrainStackTargetSize                   = 64                                        {product} {ergonomic}
   size_t InitialHeapSize                          = 264241152                                 {product} {ergonomic}
     bool ManagementServer                         = true                                      {product} {command line}
   size_t MarkStackSize                            = 4194304                                   {product} {ergonomic}
   size_t MaxHeapSize                              = 4225761280                                {product} {ergonomic}
   size_t MaxNewSize                               = 2535456768                                {product} {ergonomic}
   size_t MinHeapDeltaBytes                        = 2097152                                   {product} {ergonomic}
   size_t MinHeapSize                              = 8388608                                   {product} {ergonomic}
    uintx NonNMethodCodeHeapSize                   = 4096                                   {pd product} {ergonomic}
    uintx NonProfiledCodeHeapSize                  = 0                                      {pd product} {ergonomic}
     bool ProfileInterpreter                       = false                                  {pd product} {command line}
    uintx ProfiledCodeHeapSize                     = 0                                      {pd product} {ergonomic}
     bool ShowCodeDetailsInExceptionMessages       = true                                   {manageable} {command line}
   size_t SoftMaxHeapSize                          = 4225761280                             {manageable} {ergonomic}
     intx TieredStopAtLevel                        = 1                                         {product} {command line}
     bool UseCompressedOops                        = true                           {product lp64_product} {ergonomic}
     bool UseG1GC                                  = true                                      {product} {ergonomic}
     bool UseLargePagesIndividualAllocation        = false                                  {pd product} {ergonomic}

Logging:
Log output configuration:
 #0: stdout all=warning uptime,level,tags foldmultilines=false
 #1: stderr all=off uptime,level,tags foldmultilines=false

Environment Variables:
PATH=E:/Eclipse New/eclipse//plugins/org.eclipse.justj.openjdk.hotspot.jre.full.win32.x86_64_21.0.4.v20240802-1551/jre/bin/server;E:/Eclipse New/eclipse//plugins/org.eclipse.justj.openjdk.hotspot.jre.full.win32.x86_64_21.0.4.v20240802-1551/jre/bin;C:\Program Files (x86)\Common Files\Oracle\Java\javapath;C:\msys64\usr\bin;C:\WINDOWS\system32;C:\WINDOWS;C:\WINDOWS\System32\Wbem;C:\WINDOWS\System32\WindowsPowerShell\v1.0\;C:\WINDOWS\System32\OpenSSH\;C:\Program Files\Git\cmd;C:\Program Files\PuTTY\;C:\Users\kart2921\AppData\Local\Microsoft\WindowsApps;;C:\Users\kart2921\AppData\Local\Programs\Microsoft VS Code\bin;E:\Eclipse New\eclipse;
USERNAME=kart2921
OS=Windows_NT
PROCESSOR_IDENTIFIER=Intel64 Family 6 Model 140 Stepping 1, GenuineIntel
TMP=C:\Users\kart2921\AppData\Local\Temp
TEMP=C:\Users\kart2921\AppData\Local\Temp




Periodic native trim disabled

---------------  S Y S T E M  ---------------

OS:
 Windows 11 , 64 bit Build 26100 (10.0.26100.3323)
OS uptime: 7 days 22:57 hours
Hyper-V role detected

CPU: total 8 (initial active 8) (4 cores per cpu, 2 threads per core) family 6 model 140 stepping 1 microcode 0xb6, cx8, cmov, fxsr, ht, mmx, 3dnowpref, sse, sse2, sse3, ssse3, sse4.1, sse4.2, popcnt, lzcnt, tsc, tscinvbit, avx, avx2, aes, erms, clmul, bmi1, bmi2, adx, avx512f, avx512dq, avx512cd, avx512bw, avx512vl, sha, fma, vzeroupper, avx512_vpopcntdq, avx512_vpclmulqdq, avx512_vaes, avx512_vnni, clflush, clflushopt, clwb, avx512_vbmi2, avx512_vbmi, hv, rdtscp, rdpid, fsrm, gfni, avx512_bitalg, f16c, cet_ibt, cet_ss, avx512_ifma
Processor Information for processor 0
  Max Mhz: 2419, Current Mhz: 1209, Mhz Limit: 2419
Processor Information for processor 1
  Max Mhz: 2419, Current Mhz: 2419, Mhz Limit: 2419
Processor Information for processor 2
  Max Mhz: 2419, Current Mhz: 2419, Mhz Limit: 2419
Processor Information for processor 3
  Max Mhz: 2419, Current Mhz: 2419, Mhz Limit: 2419
Processor Information for processor 4
  Max Mhz: 2419, Current Mhz: 2419, Mhz Limit: 2419
Processor Information for processor 5
  Max Mhz: 2419, Current Mhz: 2419, Mhz Limit: 2419
Processor Information for processor 6
  Max Mhz: 2419, Current Mhz: 2419, Mhz Limit: 2419
Processor Information for processor 7
  Max Mhz: 2419, Current Mhz: 2419, Mhz Limit: 2419

Memory: 4k page, system-wide physical 16112M (602M free)
TotalPageFile size 35123M (AvailPageFile size 75M)
current process WorkingSet (physical memory assigned to process): 1550M, peak: 1550M
current process commit charge ("private bytes"): 1746M, peak: 2242M

vm_info: OpenJDK 64-Bit Server VM (21.0.4+7-LTS) for windows-amd64 JRE (21.0.4+7-LTS), built on 2024-07-16T00:00:00Z by "admin" with MS VC++ 17.7 (VS2022)

END.
